ENA.Accession.Number,Isolate,Lane.accession,CTZ,CTX,AMP,AMX,AMC,TZP,CXM,CET,GEN,TBM,TMP,CIP
ERS356929,11657_5#10,ERR434268,S,S,S,,S,S,S,I,S,S,S,S
ERS356935,11657_5#11,ERR434269,S,S,R,,R,S,S,I,S,S,R,R
ERS356938,11657_5#12,ERR434270,S,S,S,,S,S,S,S,S,S,S,S
ERS356941,11657_5#13,ERR434271,S,S,R,,R,S,S,I,S,S,S,R
ERS356967,11657_5#14,ERR434272,S,S,R,,S,S,S,S,S,S,R,S
ERS356984,11657_5#15,ERR434273,S,S,S,,S,S,S,S,S,S,S,S
ERS356995,11657_5#16,ERR434274,S,S,R,,R,I,R,I,R,R,R,R
ERS357016,11657_5#17,ERR434275,S,S,S,,S,S,S,S,S,S,S,S
ERS357017,11657_5#18,ERR434276,S,S,S,,S,S,S,I,S,S,S,S
ERS357022,11657_5#19,ERR434277,S,S,S,,S,S,S,S,S,S,S,S
ERS356741,11657_5#1,ERR434259,S,S,R,,R,S,S,I,S,S,R,R
ERS357031,11657_5#20,ERR434278,S,S,R,,S,S,S,I,S,S,S,S
ERS357080,11657_5#21,ERR434279,S,S,S,,S,S,S,I,S,S,S,S
ERS357117,11657_5#22,ERR434280,S,S,S,,S,S,R,I,S,S,S,R
ERS357118,11657_5#23,ERR434281,S,S,S,,S,S,S,S,S,S,S,S
ERS357141,11657_5#24,ERR434282,R,R,R,,R,S,R,R,R,R,R,R
ERS357184,11657_5#25,ERR434283,S,,,R,S,S,S,,S,,,S
ERS357187,11657_5#26,ERR434284,S,,,S,S,S,R,,S,,,S
ERS357200,11657_5#27,ERR434285,S,,,R,S,S,S,,S,,,S
ERS357205,11657_5#28,ERR434286,S,S,R,,S,S,S,I,S,S,S,S
ERS357221,11657_5#29,ERR434287,S,,,R,S,S,S,,R,,,S
ERS356749,11657_5#2,ERR434260,S,S,R,,S,S,S,S,S,S,R,S
ERS357222,11657_5#30,ERR434288,S,,,R,R,S,S,,S,,,S
ERS357244,11657_5#31,ERR434289,S,S,,R,S,I,R,,S,,,S
ERS357247,11657_5#32,ERR434290,S,S,,R,S,S,S,,R,,,R
ERS357250,11657_5#33,ERR434291,S,S,,S,S,S,S,,S,,,S
ERS357256,11657_5#34,ERR434292,S,S,,R,R,S,S,,S,,,R
ERS357258,11657_5#35,ERR434293,S,S,,R,S,S,S,,S,,,S
ERS357276,11657_5#36,ERR434294,S,S,,S,S,S,S,,S,,,S
ERS357277,11657_5#37,ERR434295,S,S,,S,S,S,S,,S,,,S
ERS357285,11657_5#38,ERR434296,S,S,,R,S,S,S,,S,,,S
ERS357377,11657_5#39,ERR434297,S,S,,S,S,S,S,,S,,,S
ERS356755,11657_5#3,ERR434261,S,S,R,,R,S,R,I,S,S,R,S
ERS357380,11657_5#40,ERR434298,R,R,,R,R,R,R,,R,,,R
ERS357381,11657_5#41,ERR434299,S,S,,S,S,S,R,,S,,,S
ERS357387,11657_5#42,ERR434300,S,S,,R,R,R,S,,S,,,S
ERS357400,11657_5#43,ERR434301,S,S,,R,S,S,S,,S,,,S
ERS357424,11657_5#44,ERR434302,S,S,,R,R,S,S,,S,,,S
ERS357519,11657_5#46,ERR434304,R,R,,R,R,S,R,,S,,,R
ERS357550,11657_5#47,ERR434305,S,S,,S,S,S,S,,S,,,S
ERS357568,11657_5#48,ERR434306,S,S,,S,S,S,S,,S,,,S
ERS357591,11657_5#49,ERR434307,S,S,,S,S,S,S,,S,,,S
ERS356771,11657_5#4,ERR434262,S,S,S,,S,,S,S,S,S,S,S
ERS357611,11657_5#50,ERR434308,S,S,,S,S,S,S,,S,,,S
ERS357624,11657_5#51,ERR434309,S,S,,S,S,S,S,,S,,,S
ERS357627,11657_5#52,ERR434310,R,R,,R,R,S,R,,R,,,R
ERS357642,11657_5#53,ERR434311,S,S,,S,S,S,S,,S,,,S
ERS357660,11657_5#54,ERR434312,S,S,,S,S,S,S,,S,,,S
ERS357675,11657_5#55,ERR434313,S,S,,R,R,S,S,,S,,,S
ERS357681,11657_5#56,ERR434314,S,S,,R,S,S,S,,S,,,S
ERS357685,11657_5#57,ERR434315,S,S,,R,S,S,S,,S,,,R
ERS357724,11657_5#58,ERR434316,S,S,,S,S,S,S,,S,,,S
ERS357725,11657_5#59,ERR434317,S,S,,R,R,S,S,,S,,,S
ERS356788,11657_5#5,ERR434263,S,S,R,,S,S,S,I,R,R,R,S
ERS357727,11657_5#60,ERR434318,S,S,,R,R,S,S,,S,,,R
ERS357739,11657_5#61,ERR434319,R,R,,R,S,S,R,,R,,,R
ERS357762,11657_5#62,ERR434320,S,S,,S,S,S,S,,S,,,S
ERS357768,11657_5#63,ERR434321,S,S,,S,S,S,S,,S,,,S
ERS357775,11657_5#64,ERR434322,S,S,,R,R,R,S,,R,,,S
ERS357778,11657_5#65,ERR434323,S,S,,R,R,R,S,,I,,,R
ERS357779,11657_5#66,ERR434324,S,S,,R,R,I,R,,S,,,R
ERS357780,11657_5#67,ERR434325,S,S,,R,S,S,S,,S,,,S
ERS357785,11657_5#68,ERR434326,S,S,,R,R,S,S,,S,,,S
ERS357796,11657_5#69,ERR434327,S,S,,R,R,S,S,,S,,,R
ERS356873,11657_5#6,ERR434264,I,S,R,,R,,R,R,S,R,R,R
ERS357797,11657_5#70,ERR434328,S,S,,S,S,S,S,,S,,,S
ERS357848,11657_5#71,ERR434329,S,S,,R,R,S,S,,S,,,S
ERS357871,11657_5#72,ERR434330,S,S,,R,R,I,S,,S,,,S
ERS357888,11657_5#73,ERR434331,S,S,,R,S,S,S,,S,,,S
ERS357903,11657_5#74,ERR434332,S,S,,S,S,S,S,,S,,,S
ERS357916,11657_5#75,ERR434333,S,S,,S,S,S,S,,S,,,S
ERS357941,11657_5#76,ERR434334,S,S,,R,R,R,R,,S,,,S
ERS357960,11657_5#77,ERR434335,S,S,,S,S,S,S,,S,,,S
ERS357989,11657_5#78,ERR434336,S,S,,R,R,S,R,,S,,,S
ERS357993,11657_5#79,ERR434337,S,S,,R,R,S,S,,S,,,S
ERS356879,11657_5#7,ERR434265,S,S,R,,S,S,S,S,S,S,S,R
ERS358005,11657_5#80,ERR434338,S,S,,R,R,S,R,,R,,,R
ERS358011,11657_5#81,ERR434339,S,S,,S,S,S,S,,S,,,S
ERS358033,11657_5#83,ERR434341,S,S,,S,S,S,S,,S,,,S
ERS358036,11657_5#84,ERR434342,S,S,,S,S,S,S,,S,,,S
ERS358055,11657_5#85,ERR434343,S,S,,R,S,S,S,,S,,,S
ERS358064,11657_5#86,ERR434344,S,S,,S,S,S,S,,S,,,S
ERS358068,11657_5#87,ERR434345,S,S,,S,S,S,S,,S,,,S
ERS358071,11657_5#88,ERR434346,S,S,,R,S,S,S,,S,,,S
ERS358073,11657_5#89,ERR434347,R,R,,R,R,S,R,,S,,,R
ERS356896,11657_5#8,ERR434266,S,S,R,,R,S,R,I,R,R,S,R
ERS358074,11657_5#90,ERR434348,S,S,,S,S,S,S,,S,,,S
ERS358081,11657_5#91,ERR434349,S,S,,S,S,S,S,,S,,,S
ERS358096,11657_5#92,ERR434350,S,S,,R,R,S,S,,S,,,S
ERS358116,11657_5#93,ERR434351,S,S,,S,S,S,S,,S,,,S
ERS358166,11657_5#94,ERR434352,S,S,,S,S,S,S,,S,,,S
ERS358172,11657_5#95,ERR434353,S,S,,R,R,R,S,,S,,,S
ERS358242,11657_5#96,ERR434354,S,S,,S,S,S,S,,S,,,S
ERS356906,11657_5#9,ERR434267,S,S,S,,S,S,S,S,S,S,S,S
ERS356942,11657_6#10,ERR434364,S,S,S,,S,S,S,S,S,S,S,S
ERS356950,11657_6#11,ERR434365,S,S,R,,R,S,R,R,R,R,R,S
ERS356956,11657_6#12,ERR434366,S,S,R,,S,S,S,S,S,S,R,S
ERS356959,11657_6#13,ERR434367,S,S,R,,S,S,S,S,S,S,S,S
ERS356965,11657_6#14,ERR434368,S,S,R,,R,R,S,I,R,I,R,R
ERS356969,11657_6#15,ERR434369,S,S,R,,S,S,S,I,S,S,S,S
ERS356972,11657_6#16,ERR434370,S,S,R,,R,I,S,I,S,S,S,R
ERS356991,11657_6#17,ERR434371,S,S,S,,S,S,S,S,S,S,S,S
ERS356999,11657_6#18,ERR434372,S,S,R,,S,S,S,I,S,S,S,S
ERS357004,11657_6#19,ERR434373,S,S,R,,R,S,S,I,S,S,S,S
ERS356772,11657_6#1,ERR434355,S,S,R,,S,S,S,I,S,S,R,R
ERS357018,11657_6#20,ERR434374,R,R,R,,R,S,R,R,R,R,R,R
ERS357023,11657_6#21,ERR434375,S,S,S,,S,S,S,S,S,S,S,S
ERS357128,11657_6#22,ERR434376,S,S,S,,S,S,S,S,S,S,S,S
ERS357135,11657_6#23,ERR434377,S,S,R,,S,S,S,I,S,S,R,S
ERS357136,11657_6#24,ERR434378,S,S,R,,R,S,S,S,S,S,S,S
ERS357165,11657_6#26,ERR434380,S,,,R,S,S,S,,S,,,S
ERS357169,11657_6#27,ERR434381,S,,,R,R,I,S,,S,,,S
ERS357175,11657_6#28,ERR434382,S,,,S,S,S,S,,S,,,S
ERS357177,11657_6#29,ERR434383,S,,,S,S,S,S,,S,,,S
ERS356806,11657_6#2,ERR434356,S,S,S,,S,S,S,S,S,S,S,S
ERS357185,11657_6#30,ERR434384,S,,,R,S,S,S,,S,,,S
ERS357252,11657_6#31,ERR434385,S,S,,S,S,S,S,,R,,,R
ERS357268,11657_6#32,ERR434386,S,S,,S,R,R,S,,S,,,S
ERS357295,11657_6#33,ERR434387,S,S,,R,S,S,S,,I,,,S
ERS357298,11657_6#34,ERR434388,S,S,,R,R,S,S,,S,,,S
ERS357301,11657_6#35,ERR434389,S,S,,R,S,S,S,,S,,,S
ERS357330,11657_6#36,ERR434390,S,S,,S,S,S,S,,S,,,S
ERS357361,11657_6#37,ERR434391,S,S,,R,S,S,R,,S,,,R
ERS357370,11657_6#38,ERR434392,S,S,,S,S,S,S,,S,,,S
ERS357375,11657_6#39,ERR434393,S,S,,S,S,S,S,,S,,,S
ERS356836,11657_6#3,ERR434357,S,S,S,,S,S,S,I,I,I,S,S
ERS357385,11657_6#40,ERR434394,S,S,,R,S,S,S,,S,,,S
ERS357416,11657_6#41,ERR434395,S,S,,R,R,S,S,,S,,,S
ERS357447,11657_6#42,ERR434396,S,S,,R,S,S,S,,S,,,S
ERS357460,11657_6#43,ERR434397,S,S,,S,S,S,S,,S,,,S
ERS357525,11657_6#44,ERR434398,S,S,,R,S,S,S,,S,,,S
ERS357557,11657_6#45,ERR434399,S,S,,R,R,R,S,,S,,,S
ERS357606,11657_6#46,ERR434400,S,S,,S,S,S,S,,S,,,S
ERS357609,11657_6#47,ERR434401,S,S,,S,S,S,S,,S,,,S
ERS357653,11657_6#48,ERR434402,S,S,,R,S,S,S,,S,,,S
ERS357665,11657_6#49,ERR434403,S,S,,S,S,S,S,,S,,,S
ERS356845,11657_6#4,ERR434358,S,S,R,,S,S,S,S,S,S,R,R
ERS357674,11657_6#50,ERR434404,S,S,,R,S,S,S,,S,,,S
ERS357679,11657_6#51,ERR434405,R,R,,R,S,S,R,,S,,,R
ERS357683,11657_6#52,ERR434406,S,S,,R,R,R,S,,S,,,S
ERS357700,11657_6#53,ERR434407,S,S,,S,S,S,S,,S,,,S
ERS357706,11657_6#54,ERR434408,S,S,,R,S,S,S,,S,,,S
ERS357707,11657_6#55,ERR434409,S,S,,S,S,S,S,,S,,,S
ERS357731,11657_6#56,ERR434410,S,S,,S,S,S,S,,S,,,S
ERS357748,11657_6#57,ERR434411,S,S,,R,S,S,R,,I,,,S
ERS357757,11657_6#58,ERR434412,S,S,,R,S,S,S,,S,,,S
ERS357763,11657_6#59,ERR434413,S,S,,S,S,S,S,,S,,,S
ERS356871,11657_6#5,ERR434359,S,S,S,,S,S,S,S,S,S,S,S
ERS357781,11657_6#60,ERR434414,S,S,,R,S,S,S,,S,,,S
ERS357791,11657_6#61,ERR434415,S,S,,S,S,S,S,,S,,,S
ERS357794,11657_6#62,ERR434416,S,S,,R,S,S,S,,S,,,S
ERS357805,11657_6#63,ERR434417,I,R,,R,R,R,R,,S,,,R
ERS357807,11657_6#64,ERR434418,I,R,,R,R,I,R,,S,,,R
ERS357822,11657_6#65,ERR434419,S,S,,R,R,R,S,,R,,,R
ERS357839,11657_6#66,ERR434420,S,S,,S,S,S,S,,S,,,S
ERS357849,11657_6#67,ERR434421,I,R,,R,R,I,R,,S,,,R
ERS357855,11657_6#68,ERR434422,S,S,,S,S,S,S,,S,,,S
ERS357890,11657_6#69,ERR434423,S,S,,R,S,S,S,,S,,,S
ERS356874,11657_6#6,ERR434360,S,S,R,,S,S,S,S,S,S,S,S
ERS357929,11657_6#70,ERR434424,S,S,,R,S,S,S,,S,,,S
ERS357951,11657_6#71,ERR434425,S,S,,R,S,S,S,,S,,,S
ERS357963,11657_6#72,ERR434426,S,S,,R,R,S,S,,S,,,S
ERS357974,11657_6#73,ERR434427,S,S,,S,S,S,S,,S,,,S
ERS357980,11657_6#74,ERR434428,S,S,,S,S,S,S,,S,,,S
ERS357987,11657_6#75,ERR434429,S,S,,S,S,S,S,,S,,,S
ERS358000,11657_6#76,ERR434430,S,S,,S,S,S,S,,S,,,S
ERS358002,11657_6#77,ERR434431,S,S,,S,S,S,S,,S,,,S
ERS358025,11657_6#78,ERR434432,S,S,,R,R,S,R,,S,,,S
ERS358026,11657_6#79,ERR434433,S,S,,S,S,S,S,,S,,,S
ERS356931,11657_6#7,ERR434361,S,S,S,,S,S,S,I,S,S,S,S
ERS358039,11657_6#80,ERR434434,S,S,,S,S,S,S,,S,,,S
ERS358057,11657_6#81,ERR434435,S,S,,S,S,S,S,,S,,,S
ERS358061,11657_6#82,ERR434436,S,S,,R,S,S,S,,S,,,S
ERS358065,11657_6#83,ERR434437,S,S,,S,S,S,R,,S,,,S
ERS358069,11657_6#84,ERR434438,S,S,,S,S,S,S,,S,,,S
ERS358103,11657_6#85,ERR434439,S,S,,R,S,S,S,,S,,,S
ERS358109,11657_6#86,ERR434440,S,S,,R,S,S,S,,S,,,S
ERS358123,11657_6#87,ERR434441,S,S,,R,S,S,S,,S,,,S
ERS358132,11657_6#88,ERR434442,S,S,,R,R,S,S,,S,,,S
ERS358142,11657_6#89,ERR434443,S,S,,R,S,S,S,,S,,,R
ERS356936,11657_6#8,ERR434362,S,S,S,,S,S,S,S,S,S,S,S
ERS358154,11657_6#90,ERR434444,S,S,,S,S,S,S,,S,,,S
ERS358167,11657_6#91,ERR434445,I,R,,R,R,I,R,,S,,,R
ERS358207,11657_6#92,ERR434446,S,S,,R,S,S,S,,S,,,S
ERS358210,11657_6#93,ERR434447,S,S,,S,S,S,S,,S,,,S
ERS358220,11657_6#94,ERR434448,I,R,,R,R,S,R,,S,,,R
ERS358237,11657_6#95,ERR434449,S,S,,S,S,S,S,,S,,,S
ERS358253,11657_6#96,ERR434450,S,S,,R,S,S,R,,R,,,S
ERS356940,11657_6#9,ERR434363,S,S,S,,S,S,S,I,S,S,S,S
ERS356968,11657_7#10,ERR434460,S,S,R,,S,S,S,I,S,S,S,S
ERS356970,11657_7#11,ERR434461,S,S,R,,S,S,S,S,S,S,S,S
ERS356971,11657_7#12,ERR434462,I,R,R,,R,S,R,R,R,R,R,R
ERS356975,11657_7#13,ERR434463,S,S,S,,S,S,S,S,S,S,S,S
ERS356980,11657_7#14,ERR434464,S,S,S,,S,S,S,I,S,S,S,S
ERS356981,11657_7#15,ERR434465,S,S,S,,S,S,S,S,S,S,S,S
ERS356987,11657_7#16,ERR434466,S,S,R,,S,S,S,S,S,S,S,S
ERS357002,11657_7#17,ERR434467,S,S,R,,S,S,S,I,S,S,S,S
ERS357015,11657_7#18,ERR434468,S,S,S,,S,S,S,I,S,S,S,S
ERS357019,11657_7#19,ERR434469,S,S,R,,S,S,S,S,S,S,S,S
ERS356924,11657_7#1,ERR434451,S,S,S,,S,S,S,I,S,S,S,S
ERS357120,11657_7#20,ERR434470,S,S,R,,S,S,R,I,S,S,S,S
ERS357126,11657_7#21,ERR434471,S,S,R,,R,R,S,I,S,R,R,R
ERS357129,11657_7#22,ERR434472,I,R,R,,S,S,R,R,S,S,R,R
ERS357133,11657_7#23,ERR434473,I,R,R,,R,S,R,R,S,R,R,R
ERS357144,11657_7#24,ERR434474,S,S,S,,S,S,S,I,S,S,S,S
ERS357161,11657_7#25,ERR434475,S,,,R,R,S,S,,S,,,S
ERS357162,11657_7#26,ERR434476,S,,,S,S,S,S,,S,,,S
ERS357176,11657_7#27,ERR434477,S,,,R,R,I,R,,S,,,R
ERS357188,11657_7#28,ERR434478,S,,,S,S,S,S,,S,,,S
ERS357199,11657_7#29,ERR434479,S,,,R,R,S,R,,S,,,S
ERS356946,11657_7#2,ERR434452,S,S,R,,R,R,S,I,S,S,S,S
ERS357201,11657_7#30,ERR434480,S,S,R,,S,S,S,S,S,S,S,S
ERS357215,11657_7#31,ERR434481,S,,,S,S,S,S,,S,,,S
ERS357223,11657_7#32,ERR434482,S,,,R,S,S,S,,S,,,S
ERS357273,11657_7#33,ERR434483,S,S,,R,S,S,S,,S,,,S
ERS357279,11657_7#34,ERR434484,S,S,,S,S,S,S,,S,,,S
ERS357347,11657_7#35,ERR434485,S,S,,S,S,S,S,,S,,,S
ERS357355,11657_7#36,ERR434486,S,S,,S,S,S,S,,S,,,S
ERS357384,11657_7#37,ERR434487,S,S,,R,S,S,S,,S,,,S
ERS357389,11657_7#38,ERR434488,S,S,,S,S,S,S,,S,,,S
ERS357425,11657_7#39,ERR434489,S,S,,R,S,I,S,,S,,,S
ERS356948,11657_7#3,ERR434453,S,S,S,,S,S,S,I,S,S,S,S
ERS357432,11657_7#40,ERR434490,S,S,,S,S,I,S,,S,,,S
ERS357478,11657_7#41,ERR434491,S,,,R,R,S,S,,R,,,R
ERS357512,11657_7#42,ERR434492,S,S,,S,S,S,S,,S,,,S
ERS357513,11657_7#43,ERR434493,S,S,,R,S,S,S,,S,,,S
ERS357526,11657_7#44,ERR434494,S,S,,S,S,S,S,,S,,,S
ERS357573,11657_7#45,ERR434495,S,S,,R,R,S,S,,S,,,R
ERS357598,11657_7#46,ERR434496,S,S,,R,S,S,S,,S,,,S
ERS357623,11657_7#47,ERR434497,S,S,,R,R,S,S,,S,,,R
ERS357632,11657_7#48,ERR434498,S,S,,R,S,S,S,,S,,,S
ERS357633,11657_7#49,ERR434499,S,S,,R,S,S,S,,S,,,S
ERS356953,11657_7#4,ERR434454,S,S,R,,S,S,S,S,S,S,S,S
ERS357640,11657_7#50,ERR434500,S,S,,S,S,S,S,,S,,,S
ERS357656,11657_7#51,ERR434501,S,S,,R,S,S,S,,S,,,S
ERS357689,11657_7#52,ERR434502,S,S,,R,S,S,S,,S,,,R
ERS357702,11657_7#53,ERR434503,S,S,,R,R,S,S,,S,,,R
ERS357708,11657_7#54,ERR434504,I,R,,R,R,S,R,,S,,,R
ERS357714,11657_7#55,ERR434505,S,S,,R,S,S,S,,R,,,R
ERS357718,11657_7#56,ERR434506,S,R,,R,S,S,R,,S,,,R
ERS357737,11657_7#57,ERR434507,S,S,,R,S,S,S,,R,,,R
ERS357742,11657_7#58,ERR434508,R,R,,R,R,I,R,,R,,,R
ERS357749,11657_7#59,ERR434509,S,S,,R,R,S,S,,I,,,S
ERS356954,11657_7#5,ERR434455,S,S,R,,R,S,S,I,S,S,R,S
ERS357755,11657_7#60,ERR434510,S,S,,S,S,S,S,,S,,,S
ERS357786,11657_7#61,ERR434511,S,S,,S,S,S,S,,S,,,S
ERS357788,11657_7#62,ERR434512,S,S,,S,S,S,S,,S,,,S
ERS357809,11657_7#63,ERR434513,S,S,,R,S,S,S,,S,,,S
ERS357811,11657_7#64,ERR434514,S,S,,R,R,S,S,,S,,,S
ERS357812,11657_7#65,ERR434515,S,S,,S,S,S,S,,S,,,S
ERS357845,11657_7#66,ERR434516,R,R,,R,R,R,R,,S,,,R
ERS357846,11657_7#67,ERR434517,S,S,,S,S,S,S,,S,,,S
ERS357850,11657_7#68,ERR434518,S,S,,R,S,S,S,,S,,,S
ERS357857,11657_7#69,ERR434519,S,S,,R,R,R,S,,S,,,S
ERS356957,11657_7#6,ERR434456,S,S,S,,S,S,S,S,S,S,S,S
ERS357877,11657_7#70,ERR434520,S,S,,R,R,R,S,,S,,,R
ERS357879,11657_7#71,ERR434521,S,S,,S,S,S,S,,S,,,S
ERS357885,11657_7#72,ERR434522,S,S,,R,R,S,R,,S,,,S
ERS357897,11657_7#73,ERR434523,S,S,,R,S,S,S,,S,,,R
ERS357907,11657_7#74,ERR434524,S,S,,S,S,S,S,,S,,,S
ERS357908,11657_7#75,ERR434525,S,S,,S,S,S,S,,S,,,S
ERS357909,11657_7#76,ERR434526,S,S,,R,S,S,S,,S,,,S
ERS357911,11657_7#77,ERR434527,S,S,,R,R,I,S,,R,,,S
ERS357917,11657_7#78,ERR434528,S,S,,S,S,S,R,,S,,,R
ERS357925,11657_7#79,ERR434529,S,S,,S,S,S,S,,S,,,S
ERS356961,11657_7#7,ERR434457,S,S,R,,S,S,S,I,S,S,R,S
ERS357932,11657_7#80,ERR434530,S,S,,R,S,S,S,,S,,,S
ERS357947,11657_7#81,ERR434531,S,S,,R,R,S,R,,S,,,S
ERS357969,11657_7#82,ERR434532,S,S,,R,R,S,R,,S,,,S
ERS357975,11657_7#83,ERR434533,S,S,,R,S,S,R,,S,,,S
ERS358003,11657_7#84,ERR434534,S,S,,R,S,S,S,,S,,,S
ERS358009,11657_7#85,ERR434535,S,S,,R,S,S,S,,S,,,S
ERS358052,11657_7#87,ERR434537,S,S,,R,R,S,S,,S,,,S
ERS358077,11657_7#88,ERR434538,S,S,,S,S,S,S,,S,,,S
ERS358150,11657_7#89,ERR434539,I,R,,R,R,S,R,,S,,,R
ERS356962,11657_7#8,ERR434458,S,S,R,,S,S,S,S,S,S,S,S
ERS358191,11657_7#90,ERR434540,S,S,,S,S,S,S,,S,,,S
ERS358224,11657_7#91,ERR434541,S,S,,R,S,S,S,,S,,,S
ERS358250,11657_7#92,ERR434542,S,S,,R,R,S,S,,S,,,S
ERS358262,11657_7#93,ERR434543,S,S,,R,R,S,S,,S,,,S
ERS358266,11657_7#94,ERR434544,S,S,,R,S,S,S,,S,,,S
ERS358269,11657_7#95,ERR434545,S,S,,R,S,S,S,,S,,,R
ERS358270,11657_7#96,ERR434546,S,S,,S,S,S,S,,S,,,S
ERS356966,11657_7#9,ERR434459,S,S,R,,S,S,S,S,S,S,S,R
ERS356996,11658_3#10,ERR434556,S,S,S,,S,S,R,I,S,S,S,S
ERS357007,11658_3#11,ERR434557,S,S,R,,R,S,S,S,S,S,S,S
ERS357008,11658_3#12,ERR434558,S,S,S,,S,S,S,S,S,S,S,S
ERS357026,11658_3#13,ERR434559,S,S,R,,R,S,R,R,R,R,R,R
ERS357130,11658_3#14,ERR434560,S,S,S,,S,S,S,S,S,S,S,S
ERS357160,11658_3#19,ERR434565,S,,,R,S,S,S,,S,,,S
ERS356789,11658_3#1,ERR434547,S,S,S,,S,S,S,S,S,S,S,S
ERS357166,11658_3#20,ERR434566,S,,,S,S,S,S,,S,,,S
ERS357167,11658_3#21,ERR434567,S,,,S,S,S,S,,S,,,S
ERS357186,11658_3#22,ERR434568,S,,,R,S,S,S,,S,,,S
ERS357192,11658_3#23,ERR434569,S,,,S,S,S,S,,S,,,S
ERS357194,11658_3#24,ERR434570,S,,,R,R,S,S,,R,,,R
ERS357304,11658_3#25,ERR434571,S,S,,R,R,I,S,,S,,,S
ERS357307,11658_3#26,ERR434572,S,S,,R,S,S,S,,S,,,S
ERS357311,11658_3#27,ERR434573,S,S,,R,R,S,S,,R,,,S
ERS357317,11658_3#28,ERR434574,S,S,,R,S,S,S,,S,,,S
ERS357333,11658_3#29,ERR434575,S,S,,R,R,S,S,,S,,,S
ERS356933,11658_3#2,ERR434548,S,I,R,,R,S,R,R,S,S,R,S
ERS357340,11658_3#30,ERR434576,S,S,,S,S,S,S,,S,,,S
ERS357365,11658_3#31,ERR434577,S,S,,R,R,R,S,,S,,,S
ERS357521,11658_3#32,ERR434578,S,S,,R,S,S,S,,S,,,S
ERS357522,11658_3#33,ERR434579,S,S,,R,S,S,S,,S,,,S
ERS357565,11658_3#34,ERR434580,S,S,,S,S,S,S,,S,,,S
ERS357587,11658_3#35,ERR434581,S,S,,S,S,S,S,,S,,,S
ERS357588,11658_3#36,ERR434582,S,S,,S,S,S,S,,S,,,R
ERS357616,11658_3#37,ERR434583,S,S,,R,R,S,S,,S,,,S
ERS357625,11658_3#38,ERR434584,R,R,,R,R,S,R,,R,,,R
ERS357636,11658_3#39,ERR434585,I,R,,R,S,S,R,,S,,,S
ERS356934,11658_3#3,ERR434549,S,S,R,,S,S,S,S,S,S,R,I
ERS357661,11658_3#40,ERR434586,S,S,,R,S,S,S,,S,,,S
ERS357688,11658_3#41,ERR434587,S,S,,R,R,S,S,,S,,,S
ERS357693,11658_3#42,ERR434588,S,S,,R,R,S,R,,I,,,R
ERS357719,11658_3#43,ERR434589,S,S,,R,S,S,R,,S,,,S
ERS357738,11658_3#44,ERR434590,S,S,,S,S,S,S,,S,,,S
ERS357744,11658_3#45,ERR434591,S,S,,R,S,S,S,,S,,,S
ERS357766,11658_3#46,ERR434592,S,S,,S,S,S,S,,S,,,S
ERS357770,11658_3#47,ERR434593,S,S,,S,S,S,S,,S,,,S
ERS357783,11658_3#48,ERR434594,S,S,,S,S,S,S,,S,,,S
ERS357784,11658_3#49,ERR434595,S,S,,R,R,S,S,,S,,,S
ERS356947,11658_3#4,ERR434550,S,S,S,,S,S,S,S,S,S,S,R
ERS357787,11658_3#50,ERR434596,S,S,,S,S,S,S,,S,,,S
ERS357790,11658_3#51,ERR434597,S,S,,S,S,S,S,,S,,,S
ERS357793,11658_3#52,ERR434598,S,S,,S,S,S,S,,S,,,S
ERS357813,11658_3#53,ERR434599,S,S,,R,R,S,S,,S,,,S
ERS357829,11658_3#54,ERR434600,S,S,,R,R,S,S,,S,,,S
ERS357831,11658_3#55,ERR434601,R,R,,R,S,S,R,,S,,,R
ERS357832,11658_3#56,ERR434602,R,R,,R,R,S,R,,R,,,R
ERS357841,11658_3#57,ERR434603,S,S,,R,S,S,S,,S,,,S
ERS357851,11658_3#58,ERR434604,R,R,,R,R,S,R,,S,,,R
ERS357858,11658_3#59,ERR434605,S,S,,R,S,S,S,,S,,,S
ERS356949,11658_3#5,ERR434551,S,S,R,,R,S,S,I,S,S,R,S
ERS357867,11658_3#60,ERR434606,S,S,,R,S,S,R,,S,,,S
ERS357882,11658_3#61,ERR434607,S,S,,R,S,S,R,,S,,,S
ERS357889,11658_3#62,ERR434608,S,S,,R,S,S,S,,S,,,S
ERS357894,11658_3#64,ERR434610,S,S,,R,R,S,S,,S,,,I
ERS357899,11658_3#65,ERR434611,S,S,,S,S,S,S,,S,,,R
ERS357945,11658_3#66,ERR434612,S,S,,R,R,S,S,,S,,,S
ERS357948,11658_3#67,ERR434613,S,S,,S,S,S,R,,S,,,S
ERS357958,11658_3#68,ERR434614,S,S,,S,S,S,S,,S,,,S
ERS357962,11658_3#69,ERR434615,S,S,,R,S,S,S,,S,,,S
ERS356978,11658_3#6,ERR434552,S,S,S,,S,S,S,S,S,S,S,S
ERS357976,11658_3#70,ERR434616,S,S,,S,S,S,S,,S,,,S
ERS357983,11658_3#71,ERR434617,S,S,,S,S,S,S,,S,,,S
ERS357994,11658_3#72,ERR434618,S,S,,R,S,S,S,,S,,,S
ERS358007,11658_3#73,ERR434619,S,S,,S,S,S,R,,S,,,S
ERS358010,11658_3#74,ERR434620,S,S,,R,R,R,R,,S,,,R
ERS358042,11658_3#75,ERR434621,S,S,,S,S,S,S,,S,,,S
ERS358044,11658_3#76,ERR434622,S,S,,R,S,S,S,,S,,,S
ERS358060,11658_3#77,ERR434623,S,S,,R,S,S,S,,S,,,S
ERS358063,11658_3#78,ERR434624,S,S,,R,S,S,S,,R,,,S
ERS358066,11658_3#79,ERR434625,S,S,,S,S,S,S,,S,,,S
ERS356982,11658_3#7,ERR434553,S,S,S,,S,S,S,S,S,S,S,S
ERS358076,11658_3#80,ERR434626,S,S,,R,S,S,S,,S,,,S
ERS358083,11658_3#81,ERR434627,S,S,,S,S,S,S,,S,,,S
ERS358088,11658_3#82,ERR434628,S,S,,S,S,S,S,,S,,,S
ERS358097,11658_3#83,ERR434629,S,S,,S,S,S,S,,S,,,S
ERS358102,11658_3#84,ERR434630,S,S,,S,S,S,S,,S,,,R
ERS358124,11658_3#85,ERR434631,S,S,,R,R,S,S,,S,,,S
ERS358137,11658_3#86,ERR434632,S,S,R,,S,S,S,I,S,S,S,R
ERS358147,11658_3#87,ERR434633,S,S,,S,S,S,S,,S,,,S
ERS358171,11658_3#88,ERR434634,S,S,,R,R,S,S,,S,,,S
ERS358208,11658_3#89,ERR434635,R,R,,R,R,S,R,,R,,,S
ERS356986,11658_3#8,ERR434554,S,S,S,,S,S,S,I,S,S,S,S
ERS358212,11658_3#90,ERR434636,S,S,R,,S,S,S,S,S,S,R,S
ERS358213,11658_3#91,ERR434637,S,S,R,,S,S,S,S,S,S,R,S
ERS358228,11658_3#92,ERR434638,S,S,,R,S,S,S,,S,,,S
ERS358254,11658_3#93,ERR434639,S,S,,S,S,S,S,,S,,,S
ERS358255,11658_3#94,ERR434640,R,R,,R,R,S,R,,R,,,R
ERS358258,11658_3#95,ERR434641,S,S,,R,R,S,S,,S,,,S
ERS358267,11658_3#96,ERR434642,S,S,,S,S,S,S,,S,,,S
ERS356993,11658_3#9,ERR434555,S,S,R,,S,S,S,S,S,S,R,S
ERS356847,11658_4#10,ERR434652,S,S,S,,S,S,S,S,S,S,S,S
ERS356858,11658_4#11,ERR434653,S,S,R,,R,S,S,I,S,S,R,S
ERS356860,11658_4#12,ERR434654,S,S,R,,R,S,S,I,S,S,R,S
ERS356861,11658_4#13,ERR434655,S,R,R,,S,S,R,R,S,S,R,S
ERS356863,11658_4#14,ERR434656,S,S,S,,S,S,S,S,S,S,S,S
ERS356872,11658_4#15,ERR434657,S,S,S,,S,S,S,S,S,S,S,S
ERS356880,11658_4#16,ERR434658,S,S,R,,S,S,S,S,S,S,R,S
ERS356892,11658_4#17,ERR434659,S,S,S,,S,S,S,S,S,S,S,S
ERS356902,11658_4#18,ERR434660,S,R,R,,R,S,R,R,S,R,R,R
ERS356907,11658_4#19,ERR434661,S,S,R,,R,R,R,I,S,S,S,S
ERS356740,11658_4#1,ERR434643,S,S,S,,S,S,R,I,S,S,S,S
ERS357027,11658_4#20,ERR434662,S,S,S,,S,S,S,S,S,S,S,S
ERS357078,11658_4#21,ERR434663,S,S,R,,R,I,S,I,S,S,R,S
ERS357082,11658_4#22,ERR434664,S,S,S,,S,S,S,S,S,S,S,S
ERS357090,11658_4#23,ERR434665,S,S,R,,R,,S,I,S,S,S,R
ERS357123,11658_4#24,ERR434666,S,S,S,,S,S,S,S,S,S,S,S
ERS357125,11658_4#25,ERR434667,S,S,R,,R,S,S,I,S,S,S,S
ERS357172,11658_4#26,ERR434668,S,,,R,S,S,S,,S,,,R
ERS357191,11658_4#27,ERR434669,S,,,R,S,S,S,,S,,,S
ERS357204,11658_4#28,ERR434670,S,S,R,,R,S,S,I,S,S,R,S
ERS357213,11658_4#29,ERR434671,S,,,R,S,S,S,,S,,,S
ERS356742,11658_4#2,ERR434644,S,S,S,,S,S,S,S,S,S,S,S
ERS357226,11658_4#30,ERR434672,S,,,R,R,S,S,,S,,,S
ERS357228,11658_4#31,ERR434673,S,,,S,S,S,S,,S,,,S
ERS357230,11658_4#32,ERR434674,S,,,R,S,S,S,,S,,,S
ERS357237,11658_4#33,ERR434675,S,,,R,S,S,S,,S,,,S
ERS357239,11658_4#34,ERR434676,S,S,,S,S,S,S,,S,,,S
ERS357249,11658_4#35,ERR434677,S,S,,R,R,S,S,,S,,,R
ERS357253,11658_4#36,ERR434678,S,S,,S,S,S,S,,S,,,S
ERS357260,11658_4#37,ERR434679,S,S,,R,S,S,S,,S,,,S
ERS357275,11658_4#38,ERR434680,S,S,,R,R,S,S,,S,,,S
ERS357288,11658_4#39,ERR434681,S,S,,R,S,S,S,,S,,,S
ERS356747,11658_4#3,ERR434645,S,S,R,,R,R,S,I,S,S,R,S
ERS357318,11658_4#40,ERR434682,S,S,,S,S,S,S,,S,,,S
ERS357383,11658_4#41,ERR434683,S,S,,S,S,S,S,,S,,,S
ERS357397,11658_4#42,ERR434684,S,S,,R,R,S,S,,S,,,S
ERS357407,11658_4#43,ERR434685,S,S,,S,S,S,S,,S,,,S
ERS357408,11658_4#44,ERR434686,S,S,,S,S,S,S,,S,,,S
ERS357422,11658_4#45,ERR434687,S,S,,S,S,R,S,,S,,,S
ERS357431,11658_4#46,ERR434688,S,S,,R,R,R,S,,S,,,R
ERS357501,11658_4#47,ERR434689,S,S,,S,S,S,S,,S,,,S
ERS357510,11658_4#48,ERR434690,R,R,,R,R,S,R,,R,,,S
ERS357518,11658_4#49,ERR434691,S,S,,S,S,S,S,,S,,,S
ERS356765,11658_4#4,ERR434646,S,S,S,,S,S,S,S,S,S,S,S
ERS357541,11658_4#50,ERR434692,S,S,,S,S,S,S,,S,,,S
ERS357544,11658_4#51,ERR434693,S,S,,R,S,S,S,,S,,,S
ERS357545,11658_4#52,ERR434694,S,S,,R,R,S,R,,S,,,R
ERS357558,11658_4#53,ERR434695,S,S,,R,S,S,S,,S,,,S
ERS357559,11658_4#54,ERR434696,S,S,,R,S,S,S,,S,,,S
ERS357563,11658_4#55,ERR434697,S,S,,R,S,S,S,,S,,,S
ERS357572,11658_4#56,ERR434698,S,S,,S,S,S,S,,S,,,S
ERS357575,11658_4#57,ERR434699,S,S,,R,S,S,S,,S,,,S
ERS357580,11658_4#58,ERR434700,S,S,,R,R,S,S,,R,,,S
ERS357634,11658_4#59,ERR434701,I,R,,R,S,S,R,,S,,,S
ERS356766,11658_4#5,ERR434647,S,S,R,,S,S,S,I,S,S,S,S
ERS357638,11658_4#60,ERR434702,S,S,,R,R,S,S,,S,,,S
ERS357647,11658_4#61,ERR434703,R,R,,R,R,R,R,,S,,,R
ERS357678,11658_4#62,ERR434704,S,S,,S,S,S,R,,I,,,S
ERS357699,11658_4#63,ERR434705,R,R,,R,R,S,R,,R,,,R
ERS357741,11658_4#64,ERR434706,S,S,,S,S,S,R,,I,,,S
ERS357798,11658_4#65,ERR434707,I,R,,R,R,I,R,,S,,,R
ERS357802,11658_4#66,ERR434708,I,R,,R,R,I,R,,S,,,R
ERS357814,11658_4#67,ERR434709,S,S,,R,R,R,R,,S,,,R
ERS357825,11658_4#68,ERR434710,S,S,,R,S,S,S,,S,,,R
ERS357861,11658_4#69,ERR434711,S,S,,S,S,S,S,,S,,,S
ERS356804,11658_4#6,ERR434648,S,S,S,,S,S,S,I,S,S,S,S
ERS357870,11658_4#70,ERR434712,S,S,,R,R,S,S,,S,,,S
ERS357874,11658_4#71,ERR434713,S,S,,R,R,S,S,,S,,,S
ERS357881,11658_4#72,ERR434714,S,S,,R,R,S,S,,R,,,S
ERS357886,11658_4#73,ERR434715,S,S,,S,S,S,S,,S,,,S
ERS357920,11658_4#74,ERR434716,R,R,,R,R,I,R,,R,,,R
ERS357933,11658_4#75,ERR434717,S,S,,R,R,S,S,,S,,,S
ERS357937,11658_4#76,ERR434718,S,S,,R,S,S,S,,S,,,S
ERS357939,11658_4#77,ERR434719,S,S,,S,S,S,R,,R,,,R
ERS357953,11658_4#78,ERR434720,S,S,,S,S,S,S,,S,,,S
ERS357955,11658_4#79,ERR434721,S,S,,R,S,S,S,,S,,,S
ERS356826,11658_4#7,ERR434649,S,S,S,,S,S,S,I,S,S,S,S
ERS357961,11658_4#80,ERR434722,I,R,,R,R,S,R,,S,,,R
ERS357968,11658_4#81,ERR434723,R,R,,R,R,S,R,,S,,,R
ERS357978,11658_4#82,ERR434724,S,S,,R,R,S,S,,S,,,S
ERS357981,11658_4#83,ERR434725,S,S,,R,S,S,S,,S,,,S
ERS357984,11658_4#84,ERR434726,S,S,,S,S,S,S,,S,,,S
ERS357988,11658_4#85,ERR434727,S,S,,R,S,S,S,,R,,,R
ERS357995,11658_4#86,ERR434728,S,S,,S,S,S,S,,S,,,S
ERS358016,11658_4#87,ERR434729,S,S,,R,S,S,S,,S,,,S
ERS358019,11658_4#88,ERR434730,S,S,,R,S,S,S,,S,,,S
ERS358032,11658_4#89,ERR434731,S,S,,S,S,S,S,,S,,,S
ERS356832,11658_4#8,ERR434650,S,S,R,,S,S,S,I,S,S,S,S
ERS358090,11658_4#90,ERR434732,S,S,,R,S,S,S,,S,,,S
ERS358101,11658_4#91,ERR434733,S,S,,S,S,S,S,,S,,,S
ERS358111,11658_4#92,ERR434734,S,S,,R,R,S,S,,S,,,R
ERS358127,11658_4#93,ERR434735,S,S,,R,S,S,S,,R,,,S
ERS358131,11658_4#94,ERR434736,S,S,,S,S,S,S,,S,,,S
ERS358197,11658_4#95,ERR434737,S,S,,S,S,S,S,,S,,,S
ERS358221,11658_4#96,ERR434738,S,S,,R,S,S,S,,S,,,S
ERS356835,11658_4#9,ERR434651,S,S,S,,S,S,S,I,S,S,S,S
ERS356773,11658_5#10,ERR434748,S,S,R,,R,S,S,I,S,S,R,S
ERS356775,11658_5#11,ERR434749,S,S,R,,R,S,S,I,R,I,R,R
ERS356783,11658_5#12,ERR434750,S,S,R,,R,S,S,I,S,S,S,I
ERS356785,11658_5#13,ERR434751,S,S,S,,S,S,S,S,S,S,S,S
ERS356787,11658_5#14,ERR434752,S,S,R,,S,S,S,I,S,S,S,R
ERS356801,11658_5#15,ERR434753,S,S,S,,S,S,S,S,S,S,S,S
ERS356812,11658_5#16,ERR434754,S,S,R,,S,S,S,I,S,S,I,S
ERS356822,11658_5#17,ERR434755,S,S,S,,S,S,S,S,S,S,S,S
ERS356823,11658_5#18,ERR434756,S,S,S,,S,S,S,S,S,S,S,S
ERS356831,11658_5#19,ERR434757,S,R,R,,R,S,R,R,S,R,R,R
ERS356743,11658_5#1,ERR434739,S,S,R,,S,S,S,I,S,S,R,R
ERS356838,11658_5#20,ERR434758,S,S,R,,S,S,S,S,S,S,S,S
ERS356839,11658_5#21,ERR434759,S,S,S,,S,S,S,S,S,S,S,S
ERS356840,11658_5#22,ERR434760,S,S,R,,R,S,S,I,S,S,R,R
ERS356841,11658_5#23,ERR434761,S,S,R,,S,S,S,S,S,S,S,S
ERS356846,11658_5#25,ERR434763,S,S,S,,S,S,S,S,S,S,S,S
ERS356850,11658_5#26,ERR434764,R,R,R,,R,S,R,R,S,R,R,R
ERS356851,11658_5#27,ERR434765,S,S,R,,R,S,R,R,S,S,S,S
ERS356855,11658_5#28,ERR434766,I,R,R,,R,S,R,R,S,R,R,R
ERS356859,11658_5#29,ERR434767,S,S,R,,R,R,S,I,S,S,S,S
ERS356744,11658_5#2,ERR434740,I,R,R,,R,S,R,R,S,R,R,R
ERS356864,11658_5#30,ERR434768,S,S,R,,R,S,S,R,S,S,S,S
ERS356867,11658_5#31,ERR434769,S,S,S,,S,S,S,S,S,S,S,S
ERS356875,11658_5#32,ERR434770,S,S,R,,S,S,S,S,S,S,S,S
ERS356878,11658_5#33,ERR434771,S,S,R,,R,S,S,I,S,S,S,S
ERS356884,11658_5#34,ERR434772,S,S,S,,S,S,S,S,S,S,R,S
ERS356885,11658_5#35,ERR434773,S,S,S,,S,S,S,S,S,S,S,S
ERS356893,11658_5#36,ERR434774,S,S,R,,R,R,S,I,S,S,S,S
ERS356894,11658_5#37,ERR434775,S,S,S,,S,S,S,I,S,S,S,S
ERS356900,11658_5#38,ERR434776,I,S,R,,R,S,R,R,S,S,R,R
ERS356746,11658_5#3,ERR434741,S,S,R,,S,S,S,I,S,S,R,R
ERS356915,11658_5#40,ERR434778,S,S,S,,S,S,S,S,S,S,S,S
ERS356916,11658_5#41,ERR434779,S,S,S,,S,S,S,I,S,S,R,R
ERS356927,11658_5#42,ERR434780,S,S,R,,S,S,S,I,S,S,S,S
ERS357033,11658_5#43,ERR434781,S,S,R,,R,S,S,S,S,S,S,S
ERS357035,11658_5#44,ERR434782,I,R,R,,R,S,R,R,R,R,S,R
ERS357042,11658_5#45,ERR434783,S,S,R,,R,S,S,I,S,S,R,R
ERS357043,11658_5#46,ERR434784,S,S,S,,S,S,S,S,S,S,S,S
ERS357044,11658_5#47,ERR434785,S,S,S,,S,S,S,S,S,S,S,S
ERS357068,11658_5#49,ERR434787,S,S,R,,S,S,S,S,S,S,S,S
ERS356748,11658_5#4,ERR434742,S,S,R,,R,S,S,I,S,S,R,S
ERS357075,11658_5#50,ERR434788,S,S,R,,S,S,S,I,S,S,R,S
ERS357076,11658_5#51,ERR434789,S,S,R,,S,S,S,S,S,S,S,S
ERS357083,11658_5#52,ERR434790,S,S,S,,S,S,S,R,S,S,S,S
ERS357093,11658_5#53,ERR434791,S,S,S,,S,S,S,I,S,S,S,S
ERS357096,11658_5#54,ERR434792,S,S,S,,S,S,S,S,S,S,S,S
ERS357097,11658_5#55,ERR434793,S,S,S,,S,S,S,S,S,S,S,S
ERS357099,11658_5#56,ERR434794,S,S,S,,S,S,S,S,S,S,S,S
ERS357104,11658_5#57,ERR434795,S,S,R,,R,S,S,I,S,S,S,S
ERS357212,11658_5#58,ERR434796,S,,,S,S,S,S,,S,,,S
ERS357217,11658_5#59,ERR434797,S,,,R,S,S,S,,S,,,S
ERS356752,11658_5#5,ERR434743,S,S,R,,R,S,S,I,S,S,R,R
ERS357220,11658_5#60,ERR434798,S,,,S,S,S,R,,S,,,S
ERS357225,11658_5#61,ERR434799,S,,,R,S,S,S,,S,,,S
ERS357257,11658_5#62,ERR434800,S,S,,S,S,S,S,,S,,,S
ERS357259,11658_5#63,ERR434801,S,S,,R,R,S,S,,S,,,S
ERS357265,11658_5#64,ERR434802,S,S,,S,S,S,S,,S,,,S
ERS357282,11658_5#65,ERR434803,S,S,,S,S,S,S,,S,,,S
ERS357394,11658_5#66,ERR434804,S,S,,R,R,S,S,,S,,,S
ERS357403,11658_5#67,ERR434805,S,S,,R,S,S,S,,S,,,S
ERS357426,11658_5#68,ERR434806,S,S,,S,S,I,S,,S,,,S
ERS357428,11658_5#69,ERR434807,S,S,,S,S,S,S,,S,,,R
ERS356762,11658_5#6,ERR434744,S,S,S,,S,S,S,S,S,S,S,S
ERS357437,11658_5#70,ERR434808,S,S,,S,S,I,S,,S,,,S
ERS357439,11658_5#71,ERR434809,S,S,,S,S,I,S,,S,,,S
ERS357443,11658_5#72,ERR434810,S,S,,S,S,I,S,,S,,,S
ERS357452,11658_5#73,ERR434811,S,S,,S,S,S,S,,S,,,S
ERS357454,11658_5#74,ERR434812,S,S,,R,S,R,S,,S,,,S
ERS357455,11658_5#75,ERR434813,S,S,,S,S,S,S,,S,,,S
ERS357472,11658_5#76,ERR434814,S,S,,S,S,S,S,,S,,,S
ERS357477,11658_5#77,ERR434815,S,S,,R,R,R,S,,S,,,I
ERS357483,11658_5#78,ERR434816,S,S,,R,R,I,R,,S,,,S
ERS357484,11658_5#79,ERR434817,S,S,,S,S,S,S,,S,,,S
ERS356763,11658_5#7,ERR434745,S,S,S,,S,S,S,S,S,S,S,S
ERS357488,11658_5#80,ERR434818,S,S,,R,R,S,S,,S,,,S
ERS357490,11658_5#81,ERR434819,R,R,,R,S,S,S,,S,,,S
ERS357494,11658_5#82,ERR434820,S,S,,R,R,S,R,,S,,,S
ERS357527,11658_5#83,ERR434821,S,S,,R,R,S,S,,S,,,S
ERS357539,11658_5#84,ERR434822,S,S,,R,S,S,S,,S,,,S
ERS357543,11658_5#85,ERR434823,S,S,,R,S,S,S,,S,,,S
ERS357546,11658_5#86,ERR434824,S,S,,S,S,S,S,,S,,,S
ERS357566,11658_5#87,ERR434825,R,R,,R,R,S,R,,R,,,R
ERS357567,11658_5#88,ERR434826,S,S,,R,S,S,S,,S,,,S
ERS357621,11658_5#89,ERR434827,S,S,,S,S,S,S,,S,,,S
ERS356764,11658_5#8,ERR434746,S,S,S,,S,S,S,S,S,S,S,S
ERS357629,11658_5#90,ERR434828,S,S,,R,S,S,S,,S,,,S
ERS357856,11658_5#91,ERR434829,S,S,,S,S,S,S,,S,,,S
ERS357896,11658_5#92,ERR434830,S,S,,R,S,S,S,,S,,,S
ERS357928,11658_5#93,ERR434831,S,S,,R,S,S,S,,S,,,S
ERS357972,11658_5#94,ERR434832,S,S,,R,R,S,S,,S,,,S
ERS357996,11658_5#95,ERR434833,S,S,,S,S,S,S,,S,,,S
ERS358118,11658_5#96,ERR434834,S,S,,R,R,S,S,,S,,,S
ERS356769,11658_5#9,ERR434747,S,S,S,,S,S,S,I,S,S,S,S
ERS356791,11658_6#10,ERR434844,R,R,R,,R,S,R,R,S,R,R,R
ERS356792,11658_6#11,ERR434845,S,S,R,,R,S,S,S,S,S,R,S
ERS356794,11658_6#12,ERR434846,S,S,S,,S,S,S,S,S,S,S,S
ERS356805,11658_6#13,ERR434847,S,R,R,,R,S,R,R,S,R,R,R
ERS356807,11658_6#14,ERR434848,S,S,S,,S,S,S,S,S,S,R,R
ERS356808,11658_6#15,ERR434849,S,S,R,,S,S,S,I,S,S,R,R
ERS356813,11658_6#16,ERR434850,R,R,R,,R,I,R,R,S,S,R,R
ERS356820,11658_6#17,ERR434851,S,S,R,,S,S,S,S,S,S,R,S
ERS356825,11658_6#18,ERR434852,S,S,S,,S,S,S,S,S,S,S,S
ERS356828,11658_6#19,ERR434853,S,S,R,,S,S,S,S,S,S,S,S
ERS356745,11658_6#1,ERR434835,S,S,S,,S,S,S,S,S,S,S,S
ERS356830,11658_6#20,ERR434854,S,S,S,,S,S,S,S,S,S,S,S
ERS356848,11658_6#21,ERR434855,S,S,R,,S,S,S,S,S,S,S,S
ERS356857,11658_6#22,ERR434856,R,R,R,,R,S,R,R,S,S,S,I
ERS356862,11658_6#23,ERR434857,S,S,R,,R,S,S,I,S,S,S,S
ERS356876,11658_6#24,ERR434858,S,S,R,,R,S,R,I,S,S,R,S
ERS356886,11658_6#25,ERR434859,S,S,R,,R,S,R,R,S,S,S,S
ERS356887,11658_6#26,ERR434860,S,S,S,,S,S,S,S,S,S,S,S
ERS356889,11658_6#27,ERR434861,S,S,S,,S,S,S,S,S,S,S,S
ERS356891,11658_6#28,ERR434862,S,S,R,,S,S,S,S,S,S,S,S
ERS356898,11658_6#29,ERR434863,S,S,R,,S,R,S,I,S,S,S,S
ERS356750,11658_6#2,ERR434836,S,S,S,,S,S,S,S,S,S,S,S
ERS356904,11658_6#30,ERR434864,S,S,S,,S,S,S,S,S,S,S,S
ERS356914,11658_6#31,ERR434865,S,S,S,,S,S,S,S,S,S,S,S
ERS356917,11658_6#32,ERR434866,S,S,S,,S,S,S,S,S,S,R,R
ERS356921,11658_6#33,ERR434867,S,S,S,,S,S,S,S,S,S,S,S
ERS356925,11658_6#34,ERR434868,S,S,S,,S,S,S,S,S,S,S,S
ERS357024,11658_6#35,ERR434869,S,S,S,,S,S,S,S,S,S,R,S
ERS357025,11658_6#36,ERR434870,S,S,R,,R,R,S,I,S,S,R,S
ERS357028,11658_6#37,ERR434871,S,S,S,,S,S,S,I,S,S,S,S
ERS357034,11658_6#38,ERR434872,S,S,R,,S,S,S,I,S,S,S,S
ERS357036,11658_6#39,ERR434873,S,S,R,,S,S,S,I,S,S,R,R
ERS356751,11658_6#3,ERR434837,S,S,S,,S,S,S,S,S,S,S,S
ERS357050,11658_6#40,ERR434874,S,S,S,,S,S,S,S,S,S,S,S
ERS357051,11658_6#41,ERR434875,I,R,R,,S,S,R,R,S,S,S,R
ERS357053,11658_6#42,ERR434876,S,S,R,,R,S,S,I,S,S,S,S
ERS357058,11658_6#43,ERR434877,,,,,,,,,,,,
ERS357061,11658_6#44,ERR434878,S,S,R,,S,S,S,I,S,S,R,S
ERS357063,11658_6#45,ERR434879,S,S,R,,S,S,S,S,S,S,S,S
ERS357071,11658_6#47,ERR434881,S,S,R,,R,S,S,I,S,S,R,S
ERS357077,11658_6#48,ERR434882,S,S,R,,S,S,S,S,S,S,S,S
ERS357084,11658_6#49,ERR434883,I,R,R,,R,S,R,R,S,S,R,S
ERS356756,11658_6#4,ERR434838,S,S,S,,S,S,S,I,S,S,S,S
ERS357089,11658_6#50,ERR434884,S,S,S,,S,S,S,S,S,S,R,S
ERS357095,11658_6#52,ERR434886,S,S,R,,S,S,S,S,S,S,R,S
ERS357098,11658_6#53,ERR434887,S,S,R,,S,S,S,I,R,R,S,S
ERS357102,11658_6#54,ERR434888,S,S,R,,R,S,S,I,S,S,S,S
ERS357108,11658_6#55,ERR434889,S,S,R,,R,S,S,S,S,S,S,S
ERS357109,11658_6#56,ERR434890,S,S,R,,S,S,S,S,S,S,S,S
ERS357206,11658_6#57,ERR434891,S,S,S,,S,S,S,S,S,S,S,S
ERS357219,11658_6#58,ERR434892,S,,,S,S,I,S,,S,,,S
ERS357227,11658_6#59,ERR434893,S,,,R,S,S,S,,S,,,S
ERS356758,11658_6#5,ERR434839,S,S,S,,S,S,S,S,S,S,S,S
ERS357236,11658_6#60,ERR434894,S,,,S,S,S,S,,S,,,S
ERS357242,11658_6#61,ERR434895,S,S,,S,S,S,S,,S,,,S
ERS357245,11658_6#62,ERR434896,S,S,,S,S,S,S,,S,,,S
ERS357290,11658_6#63,ERR434897,S,S,,R,R,S,S,,S,,,S
ERS357399,11658_6#64,ERR434898,S,S,,R,S,S,S,,S,,,R
ERS357419,11658_6#65,ERR434899,S,S,,R,S,S,S,,S,,,S
ERS357442,11658_6#66,ERR434900,S,S,,S,S,S,S,,S,,,S
ERS357451,11658_6#67,ERR434901,S,S,,S,S,S,S,,S,,,S
ERS357453,11658_6#68,ERR434902,S,S,,S,S,I,S,,S,,,S
ERS357457,11658_6#69,ERR434903,S,S,,S,S,S,S,,S,,,S
ERS356779,11658_6#6,ERR434840,S,S,R,,S,S,S,I,S,S,S,S
ERS357462,11658_6#70,ERR434904,S,S,,S,S,S,S,,S,,,R
ERS357473,11658_6#71,ERR434905,S,S,,R,R,S,S,,S,,,S
ERS357479,11658_6#72,ERR434906,S,S,,R,S,S,S,,S,,,S
ERS357497,11658_6#73,ERR434907,S,S,,R,S,S,S,,S,,,R
ERS357500,11658_6#74,ERR434908,S,S,,R,R,S,S,,S,,,S
ERS357502,11658_6#75,ERR434909,S,S,,R,R,S,S,,S,,,S
ERS357503,11658_6#76,ERR434910,S,S,,S,S,S,S,,S,,,S
ERS357507,11658_6#77,ERR434911,S,S,,S,S,S,S,,S,,,S
ERS357509,11658_6#78,ERR434912,S,S,,S,S,S,S,,S,,,R
ERS357529,11658_6#79,ERR434913,S,S,,R,R,S,R,,S,,,S
ERS356781,11658_6#7,ERR434841,S,S,S,,S,S,S,I,S,S,R,S
ERS357533,11658_6#80,ERR434914,S,S,,S,S,S,S,,S,,,S
ERS357534,11658_6#81,ERR434915,S,R,,R,R,S,R,,S,,,R
ERS357538,11658_6#82,ERR434916,S,S,,R,R,S,S,,S,,,R
ERS357542,11658_6#83,ERR434917,S,S,,S,S,S,S,,S,,,S
ERS357547,11658_6#84,ERR434918,S,S,,S,S,S,S,,S,,,S
ERS357556,11658_6#85,ERR434919,S,S,,S,S,S,S,,S,,,S
ERS357560,11658_6#86,ERR434920,S,S,,S,S,S,S,,S,,,S
ERS357561,11658_6#87,ERR434921,S,S,,S,S,S,S,,S,,,S
ERS357569,11658_6#88,ERR434922,R,R,,R,R,R,R,,S,,,R
ERS357570,11658_6#89,ERR434923,S,S,,S,S,S,S,,S,,,S
ERS356784,11658_6#8,ERR434842,S,S,R,,R,S,S,I,S,S,S,I
ERS357651,11658_6#90,ERR434924,S,S,,S,S,S,S,,S,,,S
ERS357904,11658_6#91,ERR434925,R,R,,R,R,I,R,,R,,,R
ERS357918,11658_6#92,ERR434926,S,S,,S,S,S,R,,S,,,S
ERS357936,11658_6#93,ERR434927,S,S,,S,S,S,S,,S,,,S
ERS358034,11658_6#94,ERR434928,S,S,,S,S,S,S,,S,,,S
ERS358049,11658_6#95,ERR434929,S,S,,R,S,S,S,,S,,,S
ERS358129,11658_6#96,ERR434930,R,I,,R,R,S,R,,S,,,R
ERS356786,11658_6#9,ERR434843,S,S,R,,R,S,S,I,S,S,S,S
ERS356819,11658_7#10,ERR434940,S,S,S,,S,S,S,I,S,S,S,S
ERS356824,11658_7#11,ERR434941,S,S,R,,R,S,S,I,S,S,S,S
ERS356834,11658_7#13,ERR434943,S,S,R,,R,R,R,I,S,S,R,S
ERS356849,11658_7#14,ERR434944,S,R,R,,R,S,R,R,S,S,S,S
ERS356853,11658_7#15,ERR434945,S,S,R,,R,S,R,I,S,R,R,R
ERS356865,11658_7#16,ERR434946,R,S,R,,S,S,S,R,S,S,R,R
ERS356869,11658_7#17,ERR434947,S,S,S,,S,S,S,I,S,S,S,S
ERS356877,11658_7#18,ERR434948,S,S,S,,S,S,S,S,S,S,S,S
ERS356888,11658_7#19,ERR434949,S,S,S,,S,S,S,S,S,S,S,S
ERS356759,11658_7#1,ERR434931,S,S,R,,S,S,S,I,S,S,R,S
ERS356903,11658_7#20,ERR434950,S,S,S,,S,S,S,I,S,S,S,S
ERS356908,11658_7#21,ERR434951,S,S,R,,S,S,S,S,S,S,S,S
ERS356909,11658_7#22,ERR434952,S,S,S,,S,S,S,S,S,S,S,S
ERS356911,11658_7#23,ERR434953,S,S,R,,R,S,R,R,R,R,R,R
ERS356922,11658_7#24,ERR434954,S,S,R,,S,S,S,S,S,S,R,S
ERS356923,11658_7#25,ERR434955,S,S,S,,S,S,S,S,S,S,S,S
ERS356926,11658_7#26,ERR434956,S,R,R,,R,S,R,R,S,R,R,R
ERS357029,11658_7#27,ERR434957,S,S,R,,R,R,S,I,S,S,S,S
ERS357038,11658_7#28,ERR434958,S,S,S,,S,S,S,S,S,S,S,S
ERS357046,11658_7#29,ERR434959,S,S,R,,R,S,S,I,S,S,R,S
ERS356774,11658_7#2,ERR434932,S,S,R,,S,S,S,I,S,S,S,S
ERS357074,11658_7#30,ERR434960,I,R,R,,R,S,R,R,R,R,R,R
ERS357085,11658_7#31,ERR434961,S,S,R,,S,S,S,I,S,S,R,R
ERS357101,11658_7#32,ERR434962,S,S,R,,S,S,S,S,S,S,S,S
ERS357103,11658_7#33,ERR434963,S,R,R,,R,S,R,R,S,R,R,R
ERS357106,11658_7#34,ERR434964,S,S,R,,S,S,S,S,S,S,R,S
ERS357107,11658_7#35,ERR434965,I,R,R,,S,S,R,R,S,S,R,R
ERS357110,11658_7#36,ERR434966,S,S,S,,S,S,S,S,S,S,S,S
ERS357157,11658_7#39,ERR434969,S,,,S,S,S,S,,S,,,S
ERS356776,11658_7#3,ERR434933,S,S,R,,S,S,S,I,S,S,R,S
ERS357203,11658_7#40,ERR434970,S,S,S,,S,S,S,S,S,S,S,S
ERS357210,11658_7#41,ERR434971,S,,,R,S,S,S,,S,,,S
ERS357211,11658_7#42,ERR434972,S,,,R,S,S,R,,S,,,S
ERS357214,11658_7#43,ERR434973,S,,,R,S,S,R,,S,,,S
ERS357229,11658_7#44,ERR434974,S,,,R,R,S,S,,S,,,S
ERS357232,11658_7#45,ERR434975,S,,,R,R,S,S,,S,,,S
ERS357241,11658_7#46,ERR434976,S,S,,S,S,S,S,,S,,,S
ERS357243,11658_7#47,ERR434977,S,S,,R,R,R,S,,S,,,S
ERS357246,11658_7#48,ERR434978,S,S,,S,S,S,S,,S,,,S
ERS357267,11658_7#49,ERR434979,S,S,,S,S,S,S,,S,,,S
ERS356777,11658_7#4,ERR434934,S,S,R,,S,S,S,I,S,S,S,S
ERS357289,11658_7#50,ERR434980,S,S,,R,R,S,S,,S,,,S
ERS357291,11658_7#51,ERR434981,S,S,,R,S,S,S,,S,,,S
ERS357398,11658_7#52,ERR434982,S,S,,R,R,S,S,,S,,,S
ERS357409,11658_7#53,ERR434983,R,R,,R,S,S,R,,S,,,R
ERS357414,11658_7#54,ERR434984,S,S,,S,S,S,S,,S,,,S
ERS357423,11658_7#55,ERR434985,S,S,,S,S,R,R,,S,,,S
ERS357435,11658_7#56,ERR434986,S,S,,R,S,S,S,,S,,,S
ERS357445,11658_7#57,ERR434987,S,S,,R,S,S,S,,S,,,S
ERS357446,11658_7#58,ERR434988,S,S,,R,R,R,R,,S,,,S
ERS357465,11658_7#59,ERR434989,R,R,,R,R,S,R,,S,,,S
ERS356780,11658_7#5,ERR434935,S,S,S,,S,S,S,S,S,S,S,S
ERS357469,11658_7#60,ERR434990,S,,,S,S,S,S,,S,,,S
ERS357485,11658_7#62,ERR434992,S,S,,S,S,S,S,,S,,,S
ERS357489,11658_7#63,ERR434993,S,S,,R,R,S,S,,S,,,S
ERS357535,11658_7#64,ERR434994,S,R,,R,R,I,R,,S,,,R
ERS357652,11658_7#65,ERR434995,R,R,,R,R,S,R,,R,,,R
ERS357655,11658_7#66,ERR434996,R,R,,R,R,S,R,,R,,,R
ERS357662,11658_7#67,ERR434997,S,S,,R,S,S,S,,S,,,R
ERS357664,11658_7#68,ERR434998,S,S,,S,S,S,S,,S,,,S
ERS357666,11658_7#69,ERR434999,S,S,,R,R,R,S,,S,,,S
ERS356797,11658_7#6,ERR434936,S,S,R,,S,S,S,S,S,S,R,S
ERS357692,11658_7#70,ERR435000,S,S,,R,S,S,S,,S,,,S
ERS357824,11658_7#71,ERR435001,S,S,,S,S,S,S,,R,,,R
ERS357854,11658_7#72,ERR435002,S,S,,S,S,S,S,,S,,,S
ERS357910,11658_7#73,ERR435003,S,S,,S,S,S,S,,S,,,S
ERS357938,11658_7#74,ERR435004,S,S,,R,R,S,S,,S,,,S
ERS357956,11658_7#75,ERR435005,S,S,,R,S,S,S,,S,,,S
ERS357964,11658_7#76,ERR435006,I,S,,R,R,R,S,,S,,,S
ERS357973,11658_7#77,ERR435007,S,S,,R,S,S,S,,S,,,S
ERS357992,11658_7#78,ERR435008,I,R,,R,R,R,R,,S,,,R
ERS357997,11658_7#79,ERR435009,S,S,,S,S,S,S,,S,,,S
ERS356800,11658_7#7,ERR434937,R,R,R,,S,S,R,R,S,S,R,R
ERS358004,11658_7#80,ERR435010,S,S,,R,R,S,S,,S,,,S
ERS358013,11658_7#81,ERR435011,S,S,,S,S,S,S,,S,,,S
ERS358024,11658_7#82,ERR435012,S,S,,S,S,S,S,,S,,,S
ERS358027,11658_7#83,ERR435013,S,S,,R,S,S,S,,S,,,S
ERS358072,11658_7#84,ERR435014,S,S,,R,S,S,S,,S,,,S
ERS358080,11658_7#85,ERR435015,R,R,,R,R,S,R,,R,,,R
ERS358082,11658_7#86,ERR435016,I,R,,R,S,S,R,,S,,,R
ERS358092,11658_7#87,ERR435017,S,S,,S,S,S,S,,S,,,S
ERS358094,11658_7#88,ERR435018,S,S,,S,S,S,S,,S,,,S
ERS358098,11658_7#89,ERR435019,S,S,,R,S,S,S,,S,,,S
ERS356811,11658_7#8,ERR434938,S,S,R,,R,S,S,I,R,R,R,R
ERS358104,11658_7#90,ERR435020,S,S,,R,R,S,S,,S,,,R
ERS358108,11658_7#91,ERR435021,S,S,,S,S,S,S,,S,,,S
ERS358113,11658_7#92,ERR435022,S,S,,R,R,S,S,,S,,,S
ERS358115,11658_7#93,ERR435023,R,R,,R,R,S,R,,S,,,R
ERS358117,11658_7#94,ERR435024,S,S,,S,S,S,S,,S,,,S
ERS358122,11658_7#95,ERR435025,S,S,,S,S,S,S,,S,,,S
ERS358128,11658_7#96,ERR435026,S,S,,S,S,S,S,,S,,,R
ERS356814,11658_7#9,ERR434939,S,S,S,,S,S,S,S,S,S,S,S
ERS356760,11658_8#24,ERR435027,S,S,S,,S,S,S,S,S,S,S,S
ERS356778,11658_8#25,ERR435028,S,S,S,,S,S,S,I,S,S,S,S
ERS356782,11658_8#26,ERR435029,S,S,R,,S,S,S,S,S,S,R,R
ERS356795,11658_8#27,ERR435030,S,S,S,,S,S,S,I,S,S,R,R
ERS356809,11658_8#28,ERR435031,S,S,S,,S,S,S,S,S,S,S,S
ERS356810,11658_8#29,ERR435032,S,S,S,,S,S,S,S,S,S,S,S
ERS356815,11658_8#30,ERR435033,R,R,R,,R,S,R,R,R,R,S,R
ERS356816,11658_8#31,ERR435034,S,S,S,,S,S,S,S,S,S,S,S
ERS356833,11658_8#32,ERR435035,S,S,R,,S,S,S,I,S,S,R,S
ERS356843,11658_8#33,ERR435036,R,R,R,,S,S,R,R,S,S,S,S
ERS356844,11658_8#34,ERR435037,S,S,S,,S,S,S,S,S,S,S,S
ERS356866,11658_8#35,ERR435038,S,S,R,,R,S,S,S,S,S,R,S
ERS356883,11658_8#36,ERR435039,S,S,R,,R,S,R,I,S,S,S,S
ERS356890,11658_8#37,ERR435040,S,S,S,,S,S,S,S,S,S,S,S
ERS356895,11658_8#38,ERR435041,S,S,R,,R,S,S,I,S,S,R,S
ERS356897,11658_8#39,ERR435042,S,S,R,,S,S,S,S,S,S,R,R
ERS356913,11658_8#40,ERR435043,S,S,S,,S,S,S,S,S,S,S,S
ERS356919,11658_8#41,ERR435044,S,S,S,,S,S,S,S,S,S,S,S
ERS356920,11658_8#42,ERR435045,S,S,R,,S,S,S,S,S,S,R,S
ERS356928,11658_8#43,ERR435046,S,S,S,,S,S,S,S,S,S,S,S
ERS357037,11658_8#44,ERR435047,S,S,S,,S,S,S,S,S,S,S,S
ERS357040,11658_8#45,ERR435048,S,S,R,,R,R,S,R,S,S,R,S
ERS357045,11658_8#46,ERR435049,S,S,R,,R,S,S,S,S,S,S,S
ERS357047,11658_8#47,ERR435050,S,S,R,,S,S,S,I,S,S,S,S
ERS357048,11658_8#48,ERR435051,S,S,S,,S,S,S,S,S,S,S,S
ERS357049,11658_8#49,ERR435052,S,S,S,,S,S,S,I,S,S,S,S
ERS357052,11658_8#50,ERR435053,S,S,R,,S,S,S,S,S,S,R,S
ERS357056,11658_8#51,ERR435054,S,S,S,,S,S,S,I,S,S,S,S
ERS357070,11658_8#52,ERR435055,S,S,R,,R,R,S,I,S,S,S,S
ERS357072,11658_8#53,ERR435056,S,S,R,,S,S,S,I,S,S,R,S
ERS357086,11658_8#54,ERR435057,S,S,R,,S,S,S,S,R,R,R,S
ERS357088,11658_8#55,ERR435058,R,R,R,,R,S,R,R,S,R,R,R
ERS357202,11658_8#56,ERR435059,S,S,R,,S,S,S,S,S,S,R,S
ERS357209,11658_8#57,ERR435060,S,S,R,,S,S,S,I,S,S,R,I
ERS357235,11658_8#58,ERR435061,S,,,S,S,S,S,,S,,,S
ERS357251,11658_8#59,ERR435062,S,S,,S,S,S,S,,S,,,S
ERS357396,11658_8#60,ERR435063,S,S,,R,S,S,S,,S,,,S
ERS357405,11658_8#61,ERR435064,S,S,,S,S,S,S,,S,,,S
ERS357427,11658_8#62,ERR435065,S,S,,S,S,I,S,,S,,,S
ERS357430,11658_8#63,ERR435066,S,S,,R,S,S,S,,S,,,S
ERS357441,11658_8#64,ERR435067,S,S,,R,R,S,S,,R,,,R
ERS357444,11658_8#65,ERR435068,S,S,,S,S,S,S,,S,,,S
ERS357466,11658_8#66,ERR435069,S,S,,R,S,S,S,,S,,,S
ERS357467,11658_8#67,ERR435070,S,S,,R,S,S,S,,S,,,S
ERS357468,11658_8#68,ERR435071,S,S,,R,S,S,S,,S,,,R
ERS357480,11658_8#69,ERR435072,S,S,,R,S,S,S,,S,,,S
ERS357487,11658_8#70,ERR435073,S,S,,R,S,S,S,,S,,,S
ERS357491,11658_8#71,ERR435074,S,S,,R,S,S,S,,S,,,S
ERS357492,11658_8#72,ERR435075,S,S,,S,S,S,S,,S,,,S
ERS357493,11658_8#73,ERR435076,S,S,,R,R,S,S,,S,,,S
ERS357495,11658_8#74,ERR435077,S,S,,S,S,S,S,,S,,,S
ERS357496,11658_8#75,ERR435078,S,S,,R,R,S,S,,I,,,S
ERS357498,11658_8#76,ERR435079,S,S,,R,S,S,S,,S,,,S
ERS357504,11658_8#77,ERR435080,S,S,,R,S,S,S,,S,,,S
ERS357505,11658_8#78,ERR435081,S,S,,R,S,S,S,,S,,,R
ERS357508,11658_8#79,ERR435082,S,S,,S,S,S,S,,S,,,I
ERS357514,11658_8#80,ERR435083,S,S,,S,S,S,S,,S,,,S
ERS357515,11658_8#81,ERR435084,S,S,,R,S,S,S,,S,,,S
ERS357516,11658_8#82,ERR435085,S,S,,S,S,S,S,,S,,,S
ERS357520,11658_8#83,ERR435086,S,S,,S,S,S,S,,S,,,S
ERS357528,11658_8#84,ERR435087,S,R,,R,R,I,R,,S,,,R
ERS357530,11658_8#85,ERR435088,S,S,,S,S,S,S,,S,,,R
ERS357532,11658_8#86,ERR435089,S,S,,S,S,S,S,,S,,,S
ERS357536,11658_8#87,ERR435090,S,S,,S,S,S,S,,S,,,S
ERS357548,11658_8#88,ERR435091,S,S,,S,S,S,S,,S,,,S
ERS357549,11658_8#89,ERR435092,S,S,,R,R,S,S,,S,,,S
ERS357551,11658_8#90,ERR435093,S,S,,S,S,S,S,,S,,,S
ERS357562,11658_8#91,ERR435094,S,S,,R,R,S,S,,S,,,S
ERS357571,11658_8#92,ERR435095,S,S,,R,R,S,S,,R,,,R
ERS357912,11658_8#93,ERR435096,R,R,,R,S,S,R,,S,,,R
ERS357926,11658_8#94,ERR435097,S,S,,R,S,S,R,,S,,,I
ERS358020,11658_8#95,ERR435098,S,S,,R,S,S,S,,S,,,S
ERS358021,11658_8#96,ERR435099,S,S,,R,S,S,S,,S,,,S
ERS357011,11679_4#10,ERR435109,S,S,R,,R,S,S,I,S,S,R,S
ERS357021,11679_4#11,ERR435110,S,S,R,,S,S,S,S,S,S,R,S
ERS357030,11679_4#12,ERR435111,S,S,S,,S,S,S,S,S,S,S,S
ERS357112,11679_4#13,ERR435112,S,S,R,,S,S,S,I,S,S,R,S
ERS357119,11679_4#14,ERR435113,S,S,S,,S,S,S,S,S,S,S,S
ERS357121,11679_4#15,ERR435114,S,S,S,,S,S,S,S,S,S,S,S
ERS357138,11679_4#16,ERR435115,S,S,R,,S,S,S,S,S,S,S,S
ERS357179,11679_4#17,ERR435116,S,,,S,S,S,S,,S,,,S
ERS357181,11679_4#18,ERR435117,S,,,S,S,S,S,,S,,,S
ERS357182,11679_4#19,ERR435118,S,,,R,S,S,S,,S,,,S
ERS356793,11679_4#1,ERR435100,I,R,R,,R,S,R,R,S,S,R,R
ERS357189,11679_4#20,ERR435119,S,,,R,R,I,R,,S,,,R
ERS357193,11679_4#21,ERR435120,S,,,R,R,S,S,,S,,,S
ERS357263,11679_4#22,ERR435121,S,S,,R,R,S,S,,S,,,S
ERS357271,11679_4#23,ERR435122,S,S,,R,R,R,S,,S,,,R
ERS357286,11679_4#24,ERR435123,S,S,,S,S,S,S,,S,,,S
ERS357299,11679_4#25,ERR435124,S,S,,R,R,S,S,,S,,,S
ERS357342,11679_4#26,ERR435125,S,S,,S,S,S,S,,S,,,S
ERS357362,11679_4#27,ERR435126,S,S,,R,R,S,S,,S,,,R
ERS357392,11679_4#28,ERR435127,S,S,,R,S,S,S,,S,,,S
ERS357486,11679_4#29,ERR435128,S,S,,R,R,S,S,,S,,,S
ERS356930,11679_4#2,ERR435101,S,S,S,,S,S,S,S,S,S,S,S
ERS357506,11679_4#30,ERR435129,S,S,,S,S,S,S,,S,,,S
ERS357555,11679_4#31,ERR435130,I,S,,R,R,R,S,,S,,,S
ERS357579,11679_4#32,ERR435131,S,S,,R,S,S,S,,R,,,R
ERS357592,11679_4#33,ERR435132,S,S,,R,S,S,S,,S,,,S
ERS357595,11679_4#34,ERR435133,S,S,,R,R,S,S,,S,,,R
ERS357601,11679_4#35,ERR435134,S,S,,R,S,S,S,,S,,,R
ERS357610,11679_4#36,ERR435135,S,S,,R,R,S,S,,S,,,S
ERS357618,11679_4#37,ERR435136,S,S,,S,S,S,S,,S,,,S
ERS357635,11679_4#38,ERR435137,I,R,,R,S,S,R,,S,,,S
ERS357646,11679_4#39,ERR435138,S,S,,R,R,S,R,,R,,,R
ERS356939,11679_4#3,ERR435102,S,S,S,,S,S,S,S,S,S,S,S
ERS357648,11679_4#40,ERR435139,S,S,,R,R,S,S,,I,,,R
ERS357649,11679_4#41,ERR435140,S,S,,R,R,S,S,,S,,,S
ERS357650,11679_4#42,ERR435141,S,S,,S,S,S,S,,S,,,S
ERS357657,11679_4#43,ERR435142,S,S,,R,S,S,S,,S,,,S
ERS357669,11679_4#44,ERR435143,S,S,,R,R,S,S,,S,,,S
ERS357676,11679_4#45,ERR435144,S,S,,S,S,S,S,,S,,,S
ERS357684,11679_4#46,ERR435145,S,S,,R,R,R,S,,R,,,S
ERS357687,11679_4#47,ERR435146,S,S,,S,S,S,S,,S,,,S
ERS357690,11679_4#48,ERR435147,S,S,,R,S,S,S,,S,,,S
ERS357701,11679_4#49,ERR435148,S,S,,S,S,S,S,,S,,,S
ERS356958,11679_4#4,ERR435103,S,S,R,,S,S,S,I,S,S,S,R
ERS357716,11679_4#50,ERR435149,S,S,,R,S,S,R,,S,,,R
ERS357740,11679_4#52,ERR435151,R,R,,R,R,I,R,,S,,,R
ERS357754,11679_4#53,ERR435152,S,S,,R,R,S,R,,S,,,R
ERS357756,11679_4#54,ERR435153,R,R,,R,R,S,R,,R,,,R
ERS357767,11679_4#55,ERR435154,S,S,,S,S,S,S,,S,,,S
ERS357772,11679_4#56,ERR435155,R,R,,R,R,I,R,,S,,,R
ERS357808,11679_4#57,ERR435156,S,S,,R,R,S,R,,S,,,S
ERS357827,11679_4#58,ERR435157,S,S,,R,R,R,S,,S,,,S
ERS357835,11679_4#59,ERR435158,S,S,,S,S,S,S,,S,,,S
ERS356963,11679_4#5,ERR435104,S,S,R,,S,S,S,I,S,S,R,R
ERS357836,11679_4#60,ERR435159,S,S,,R,S,S,S,,S,,,S
ERS357837,11679_4#61,ERR435160,R,R,,R,R,I,R,,R,,,R
ERS357838,11679_4#62,ERR435161,S,S,,S,S,S,S,,S,,,S
ERS357860,11679_4#63,ERR435162,S,S,,S,S,S,S,,S,,,S
ERS357875,11679_4#64,ERR435163,S,S,,R,R,S,S,,S,,,R
ERS357887,11679_4#66,ERR435165,S,S,,R,R,S,S,,S,,,R
ERS357893,11679_4#67,ERR435166,S,S,,R,S,S,S,,S,,,S
ERS357923,11679_4#68,ERR435167,S,S,,R,R,S,S,,S,,,S
ERS357924,11679_4#69,ERR435168,S,S,,S,S,S,S,,S,,,S
ERS356973,11679_4#6,ERR435105,S,S,R,,S,S,S,S,S,S,S,S
ERS357942,11679_4#70,ERR435169,S,S,,S,S,S,S,,S,,,S
ERS357944,11679_4#71,ERR435170,S,S,,R,R,S,S,,S,,,S
ERS357967,11679_4#72,ERR435171,S,S,,R,S,S,R,,S,,,S
ERS357985,11679_4#73,ERR435172,S,S,,R,R,R,S,,S,,,S
ERS358008,11679_4#74,ERR435173,S,S,,R,R,S,S,,S,,,S
ERS358023,11679_4#75,ERR435174,S,S,,R,R,S,S,,S,,,S
ERS358031,11679_4#76,ERR435175,S,S,,R,S,S,S,,S,,,S
ERS358037,11679_4#77,ERR435176,S,S,,R,R,R,S,,S,,,S
ERS358041,11679_4#78,ERR435177,S,S,,S,S,S,S,,S,,,S
ERS358075,11679_4#79,ERR435178,S,S,,R,S,S,S,,S,,,S
ERS356977,11679_4#7,ERR435106,S,S,S,,S,S,S,S,S,S,S,S
ERS358078,11679_4#80,ERR435179,S,S,,S,S,S,S,,S,,,S
ERS358110,11679_4#81,ERR435180,S,S,,R,S,S,S,,S,,,S
ERS358114,11679_4#82,ERR435181,S,S,,S,S,S,S,,S,,,S
ERS358121,11679_4#83,ERR435182,S,S,,R,S,S,S,,S,,,S
ERS358126,11679_4#84,ERR435183,S,S,,S,S,S,S,,S,,,S
ERS358135,11679_4#85,ERR435184,S,S,,R,S,S,S,,S,,,S
ERS358158,11679_4#86,ERR435185,S,S,,S,S,S,S,,S,,,S
ERS358163,11679_4#87,ERR435186,S,S,,R,S,S,S,,S,,,S
ERS358175,11679_4#88,ERR435187,S,S,,S,S,S,S,,S,,,S
ERS358196,11679_4#89,ERR435188,R,R,,R,R,S,R,,S,,,R
ERS356998,11679_4#8,ERR435107,R,R,R,,R,R,R,R,S,R,R,R
ERS358199,11679_4#90,ERR435189,S,S,,R,S,S,S,,S,,,S
ERS358204,11679_4#91,ERR435190,S,S,,R,S,I,R,,R,,,R
ERS358206,11679_4#92,ERR435191,R,R,,R,R,S,R,,R,,,R
ERS358211,11679_4#93,ERR435192,S,,,S,S,S,S,,S,,,S
ERS358236,11679_4#94,ERR435193,S,S,,R,R,S,S,,S,,,S
ERS358245,11679_4#95,ERR435194,R,R,,R,R,S,R,,R,,,R
ERS358261,11679_4#96,ERR435195,S,S,,R,S,S,S,,S,,,S
ERS357001,11679_4#9,ERR435108,S,S,R,,S,S,S,I,S,S,S,S
ERS357132,11679_5#10,ERR435205,S,S,S,,S,S,S,I,S,S,S,S
ERS357139,11679_5#11,ERR435206,S,S,R,,S,S,S,I,S,S,S,S
ERS357140,11679_5#12,ERR435207,S,S,R,,R,R,S,I,S,S,R,S
ERS357146,11679_5#13,ERR435208,S,S,R,,S,S,S,I,S,S,S,S
ERS357159,11679_5#14,ERR435209,S,,,R,R,S,S,,S,,,S
ERS357197,11679_5#15,ERR435210,S,,,S,S,S,S,,R,,,R
ERS357198,11679_5#16,ERR435211,S,,,R,S,S,R,,S,,,S
ERS357270,11679_5#17,ERR435212,S,S,,R,R,R,R,,S,,,S
ERS357297,11679_5#18,ERR435213,S,S,,R,R,S,S,,S,,,S
ERS357310,11679_5#19,ERR435214,S,S,,R,S,S,S,,S,,,S
ERS356837,11679_5#1,ERR435196,S,S,R,,S,S,S,S,S,S,S,S
ERS357313,11679_5#20,ERR435215,S,S,,S,S,S,S,,S,,,S
ERS357316,11679_5#21,ERR435216,R,R,,R,R,S,R,,I,,,S
ERS357323,11679_5#22,ERR435217,S,S,,R,S,S,S,,S,,,S
ERS357324,11679_5#23,ERR435218,S,S,,R,S,S,S,,S,,,S
ERS357350,11679_5#24,ERR435219,S,S,,S,S,S,S,,S,,,S
ERS357367,11679_5#25,ERR435220,S,S,,S,S,S,S,,S,,,S
ERS357371,11679_5#26,ERR435221,S,S,,S,S,S,S,,S,,,S
ERS357373,11679_5#27,ERR435222,S,S,,R,S,S,S,,S,,,S
ERS357406,11679_5#28,ERR435223,S,S,,R,S,S,S,,S,,,S
ERS357458,11679_5#29,ERR435224,S,S,,S,S,S,S,,S,,,S
ERS356945,11679_5#2,ERR435197,S,S,R,,R,S,R,I,S,S,R,R
ERS357464,11679_5#30,ERR435225,S,S,,S,S,S,S,,S,,,S
ERS357577,11679_5#31,ERR435226,S,S,,R,R,S,R,,S,,,S
ERS357583,11679_5#32,ERR435227,S,S,,S,S,S,S,,S,,,S
ERS357599,11679_5#33,ERR435228,S,S,,R,S,S,S,,S,,,R
ERS357605,11679_5#34,ERR435229,S,S,,S,S,S,S,,S,,,S
ERS357613,11679_5#35,ERR435230,I,S,,R,R,I,R,,S,,,R
ERS357658,11679_5#36,ERR435231,R,R,,R,R,S,R,,R,,,R
ERS357672,11679_5#37,ERR435232,S,S,,R,S,S,S,,S,,,S
ERS357680,11679_5#38,ERR435233,S,S,,S,S,S,S,,S,,,S
ERS357694,11679_5#39,ERR435234,S,S,,S,S,S,S,,S,,,S
ERS356964,11679_5#3,ERR435198,S,S,S,,S,S,S,S,S,S,S,S
ERS357703,11679_5#40,ERR435235,S,S,,S,S,S,S,,S,,,S
ERS357705,11679_5#41,ERR435236,S,S,,S,S,S,S,,S,,,S
ERS357712,11679_5#42,ERR435237,R,R,,R,R,I,R,,R,,,R
ERS357715,11679_5#43,ERR435238,S,S,,R,S,S,S,,S,,,S
ERS357720,11679_5#44,ERR435239,S,R,,R,R,S,R,,S,,,R
ERS357751,11679_5#45,ERR435240,S,S,,S,S,S,S,,S,,,S
ERS357760,11679_5#46,ERR435241,S,S,,S,S,S,R,,S,,,S
ERS357765,11679_5#47,ERR435242,S,S,,S,S,S,S,,S,,,S
ERS357773,11679_5#48,ERR435243,S,S,,R,S,S,S,,S,,,S
ERS357792,11679_5#49,ERR435244,S,S,,R,R,S,S,,S,,,S
ERS356988,11679_5#4,ERR435199,S,S,R,,S,S,S,S,R,R,R,R
ERS357799,11679_5#50,ERR435245,S,S,,R,R,R,S,,S,,,S
ERS357816,11679_5#51,ERR435246,S,S,,R,R,S,S,,S,,,S
ERS357818,11679_5#52,ERR435247,S,S,,R,R,S,S,,S,,,S
ERS357820,11679_5#53,ERR435248,S,S,,R,S,S,S,,S,,,S
ERS357821,11679_5#54,ERR435249,S,S,,R,S,S,S,,S,,,S
ERS357823,11679_5#55,ERR435250,S,S,,R,S,S,S,,S,,,S
ERS357834,11679_5#56,ERR435251,S,S,,S,S,S,S,,S,,,S
ERS357853,11679_5#57,ERR435252,S,S,,R,S,S,S,,S,,,S
ERS357866,11679_5#58,ERR435253,S,S,,R,S,S,S,,S,,,S
ERS357876,11679_5#59,ERR435254,S,S,,R,S,S,S,,S,,,S
ERS357000,11679_5#5,ERR435200,S,S,R,,R,S,S,I,S,S,S,S
ERS357895,11679_5#60,ERR435255,S,S,,S,S,S,S,,S,,,S
ERS357900,11679_5#61,ERR435256,S,S,,R,S,S,S,,S,,,S
ERS357901,11679_5#62,ERR435257,S,S,,S,S,S,S,,S,,,S
ERS357905,11679_5#63,ERR435258,S,S,,R,S,S,S,,S,,,S
ERS357931,11679_5#64,ERR435259,S,S,,S,S,S,S,,S,,,S
ERS357943,11679_5#65,ERR435260,S,S,,R,S,S,S,,S,,,S
ERS357966,11679_5#66,ERR435261,S,S,,R,R,S,S,,S,,,S
ERS357970,11679_5#67,ERR435262,S,S,,R,S,S,S,,S,,,S
ERS357986,11679_5#68,ERR435263,R,R,,R,R,S,R,,R,,,R
ERS357998,11679_5#69,ERR435264,S,S,,S,R,S,S,,S,,,S
ERS357091,11679_5#6,ERR435201,S,S,R,,R,S,S,I,S,S,R,S
ERS358006,11679_5#70,ERR435265,S,S,,S,S,S,S,,S,,,S
ERS358014,11679_5#71,ERR435266,S,S,,R,S,S,S,,S,,,S
ERS358015,11679_5#72,ERR435267,S,S,,R,S,S,S,,S,,,S
ERS358038,11679_5#73,ERR435268,S,S,,R,S,S,S,,S,,,S
ERS358040,11679_5#74,ERR435269,S,S,,S,S,S,S,,S,,,S
ERS358047,11679_5#75,ERR435270,S,S,,R,S,S,S,,S,,,S
ERS358070,11679_5#76,ERR435271,S,S,,R,S,S,S,,S,,,R
ERS358087,11679_5#77,ERR435272,S,S,,R,R,S,S,,S,,,S
ERS358119,11679_5#78,ERR435273,S,S,,R,S,S,S,,S,,,S
ERS358125,11679_5#79,ERR435274,S,S,,R,S,S,S,,S,,,S
ERS357111,11679_5#7,ERR435202,S,S,S,,S,S,S,S,S,S,S,S
ERS358139,11679_5#80,ERR435275,S,S,,R,R,S,S,,S,,,S
ERS358143,11679_5#81,ERR435276,S,S,,S,S,S,S,,S,,,S
ERS358149,11679_5#82,ERR435277,S,S,,S,S,S,S,,S,,,S
ERS358155,11679_5#83,ERR435278,S,S,,R,S,S,S,,S,,,S
ERS358192,11679_5#84,ERR435279,S,S,,R,S,S,S,,S,,,S
ERS358193,11679_5#85,ERR435280,S,S,,S,S,S,S,,S,,,S
ERS358198,11679_5#86,ERR435281,S,S,,R,S,S,S,,S,,,S
ERS358203,11679_5#87,ERR435282,S,S,,S,S,R,S,,S,,,S
ERS358209,11679_5#88,ERR435283,S,S,,S,S,S,S,,S,,,S
ERS358226,11679_5#89,ERR435284,S,S,,R,S,S,S,,S,,,S
ERS357116,11679_5#8,ERR435203,S,S,S,,S,S,S,I,S,S,S,S
ERS358227,11679_5#90,ERR435285,S,S,,S,S,S,S,,S,,,S
ERS358232,11679_5#91,ERR435286,S,S,,R,S,S,S,,S,,,S
ERS358234,11679_5#92,ERR435287,S,S,,R,R,S,S,,S,,,R
ERS358239,11679_5#93,ERR435288,S,S,,S,S,S,R,,S,,,S
ERS358241,11679_5#94,ERR435289,R,R,,R,R,S,R,,R,,,R
ERS358248,11679_5#95,ERR435290,S,S,,R,S,S,S,,S,,,S
ERS358263,11679_5#96,ERR435291,S,S,,R,S,S,S,,S,,,S
ERS357124,11679_5#9,ERR435204,S,S,S,,S,S,S,S,S,S,S,S
ERS357012,11679_6#10,ERR435301,S,S,R,,S,S,S,I,S,S,R,S
ERS357014,11679_6#11,ERR435302,S,R,R,,S,S,R,R,S,S,S,S
ERS357032,11679_6#12,ERR435303,S,S,R,,R,S,S,I,S,S,R,S
ERS357059,11679_6#13,ERR435304,S,S,S,,S,S,S,I,S,S,S,S
ERS357114,11679_6#14,ERR435305,S,S,R,,S,S,S,S,R,R,R,R
ERS357122,11679_6#15,ERR435306,S,S,R,,R,S,S,R,S,S,R,S
ERS357158,11679_6#18,ERR435309,S,,,S,S,S,S,,S,,,S
ERS357163,11679_6#19,ERR435310,S,,,S,S,S,S,,S,,,S
ERS356901,11679_6#1,ERR435292,S,S,R,,R,R,S,I,S,S,R,S
ERS357178,11679_6#20,ERR435311,S,,,S,S,S,S,,S,,,S
ERS357183,11679_6#21,ERR435312,S,,,S,S,S,R,,R,,,R
ERS357278,11679_6#22,ERR435313,S,S,,R,S,S,S,,S,,,S
ERS357287,11679_6#23,ERR435314,S,S,,R,S,S,S,,S,,,S
ERS357302,11679_6#24,ERR435315,S,S,,R,S,S,S,,S,,,S
ERS357303,11679_6#25,ERR435316,S,S,,R,S,S,S,,S,,,S
ERS357309,11679_6#26,ERR435317,S,S,,S,S,S,S,,S,,,S
ERS357335,11679_6#27,ERR435318,S,S,,R,S,S,S,,S,,,S
ERS357343,11679_6#28,ERR435319,S,S,,R,R,S,S,,S,,,S
ERS357348,11679_6#29,ERR435320,S,S,,S,S,S,S,,S,,,S
ERS356943,11679_6#2,ERR435293,S,S,S,,S,S,S,I,S,S,S,S
ERS357358,11679_6#30,ERR435321,S,S,,R,S,S,S,,S,,,S
ERS357359,11679_6#31,ERR435322,S,S,,R,S,S,S,,S,,,S
ERS357366,11679_6#32,ERR435323,S,S,,S,S,S,S,,S,,,S
ERS357368,11679_6#33,ERR435324,S,S,,R,R,S,S,,S,,,S
ERS357374,11679_6#34,ERR435325,S,S,,R,S,S,S,,S,,,S
ERS357382,11679_6#35,ERR435326,S,S,,S,S,S,S,,S,,,S
ERS357420,11679_6#36,ERR435327,S,S,,R,R,S,S,,S,,,S
ERS357434,11679_6#37,ERR435328,S,S,,R,R,I,S,,S,,,S
ERS357476,11679_6#38,ERR435329,S,S,,R,S,I,S,,S,,,S
ERS357574,11679_6#39,ERR435330,S,S,,S,S,S,S,,S,,,S
ERS356944,11679_6#3,ERR435294,S,S,S,,S,S,S,S,S,S,S,S
ERS357582,11679_6#40,ERR435331,S,S,,R,S,S,S,,S,,,S
ERS357593,11679_6#41,ERR435332,S,S,,S,S,S,S,,S,,,S
ERS357597,11679_6#42,ERR435333,S,S,,S,S,S,S,,S,,,S
ERS357608,11679_6#43,ERR435334,S,S,,S,S,S,S,,S,,,S
ERS357615,11679_6#44,ERR435335,S,S,,R,S,S,S,,S,,,S
ERS357626,11679_6#45,ERR435336,S,S,,R,S,S,S,,S,,,S
ERS357628,11679_6#46,ERR435337,S,S,,R,S,S,R,,S,,,R
ERS357630,11679_6#47,ERR435338,S,S,,R,S,S,R,,S,,,R
ERS357643,11679_6#48,ERR435339,S,S,,R,S,S,S,,S,,,S
ERS357670,11679_6#49,ERR435340,S,S,,R,S,S,S,,S,,,S
ERS356951,11679_6#4,ERR435295,S,S,S,,S,S,S,S,S,S,R,R
ERS357698,11679_6#50,ERR435341,S,S,,S,S,S,S,,I,,,R
ERS357732,11679_6#51,ERR435342,S,S,,R,S,S,S,,R,,,S
ERS357733,11679_6#52,ERR435343,S,S,,R,R,S,R,,S,,,S
ERS357752,11679_6#53,ERR435344,S,S,,R,R,S,S,,S,,,S
ERS357758,11679_6#54,ERR435345,S,S,,S,S,S,S,,S,,,S
ERS357761,11679_6#55,ERR435346,S,S,,R,R,S,S,,S,,,S
ERS357769,11679_6#56,ERR435347,S,S,,R,R,I,S,,S,,,S
ERS357776,11679_6#57,ERR435348,S,S,,S,S,S,S,,S,,,S
ERS357782,11679_6#58,ERR435349,S,S,,S,S,S,S,,S,,,S
ERS357795,11679_6#59,ERR435350,R,R,,R,R,R,R,,S,,,R
ERS356955,11679_6#5,ERR435296,S,S,R,,R,S,R,R,S,S,S,S
ERS357810,11679_6#60,ERR435351,S,S,,R,S,S,S,,I,,,S
ERS357833,11679_6#61,ERR435352,S,S,,S,S,S,S,,S,,,S
ERS357842,11679_6#62,ERR435353,S,S,,R,S,S,S,,S,,,S
ERS357844,11679_6#63,ERR435354,S,S,,R,S,S,S,,S,,,S
ERS357859,11679_6#64,ERR435355,S,S,,R,S,S,S,,S,,,S
ERS357864,11679_6#65,ERR435356,S,S,,S,S,S,S,,S,,,S
ERS357865,11679_6#66,ERR435357,S,S,,S,S,S,S,,S,,,S
ERS357868,11679_6#67,ERR435358,S,S,,R,R,I,R,,S,,,S
ERS357873,11679_6#68,ERR435359,S,S,,R,R,S,S,,S,,,S
ERS357898,11679_6#69,ERR435360,S,S,,S,S,S,S,,S,,,S
ERS357919,11679_6#70,ERR435361,S,S,,R,S,S,S,,S,,,S
ERS357952,11679_6#71,ERR435362,S,S,,S,S,S,S,,S,,,S
ERS357954,11679_6#72,ERR435363,R,R,,R,R,S,R,,S,,,S
ERS357982,11679_6#73,ERR435364,S,S,,R,S,S,S,,S,,,S
ERS358022,11679_6#74,ERR435365,S,S,,R,S,S,S,,S,,,S
ERS358045,11679_6#75,ERR435366,S,S,,R,S,S,S,,S,,,S
ERS358050,11679_6#76,ERR435367,S,S,,S,S,S,S,,S,,,S
ERS358056,11679_6#77,ERR435368,S,S,,R,S,S,S,,S,,,S
ERS358059,11679_6#78,ERR435369,S,S,,R,R,S,S,,S,,,S
ERS358093,11679_6#79,ERR435370,S,S,,R,S,S,S,,S,,,S
ERS357003,11679_6#7,ERR435298,S,S,R,,R,S,S,I,R,R,R,I
ERS358099,11679_6#80,ERR435371,S,S,,S,S,S,S,,S,,,S
ERS358112,11679_6#81,ERR435372,S,S,,R,S,S,S,,S,,,S
ERS358130,11679_6#82,ERR435373,S,S,,S,S,S,S,,S,,,S
ERS358145,11679_6#83,ERR435374,S,R,,R,R,R,R,,S,,,R
ERS358152,11679_6#84,ERR435375,S,S,,R,R,I,S,,S,,,S
ERS358157,11679_6#85,ERR435376,S,S,,R,R,S,S,,S,,,S
ERS358161,11679_6#86,ERR435377,S,S,,R,S,S,S,,S,,,S
ERS358170,11679_6#87,ERR435378,S,S,,R,R,S,S,,S,,,S
ERS358180,11679_6#88,ERR435379,S,S,,R,R,S,S,,S,,,S
ERS358188,11679_6#89,ERR435380,S,S,,R,R,S,S,,S,,,S
ERS357005,11679_6#8,ERR435299,S,S,R,,R,S,S,S,I,I,R,S
ERS358200,11679_6#90,ERR435381,S,S,R,,S,S,S,S,S,S,R,S
ERS358202,11679_6#91,ERR435382,S,S,,S,S,S,S,,S,,,S
ERS358215,11679_6#92,ERR435383,R,R,,R,R,R,R,,R,,,R
ERS358230,11679_6#93,ERR435384,I,R,,R,R,I,R,,I,,,R
ERS358240,11679_6#94,ERR435385,R,R,,R,R,S,R,,R,,,R
ERS358257,11679_6#95,ERR435386,S,R,,R,R,S,R,,S,,,R
ERS358268,11679_6#96,ERR435387,S,S,,S,S,S,S,,S,,,S
ERS357006,11679_6#9,ERR435300,S,S,R,,S,S,S,I,S,S,R,S
ERS357115,11679_7#10,ERR435397,S,S,S,,S,S,S,I,S,S,S,S
ERS357131,11679_7#11,ERR435398,S,S,R,,R,S,S,S,S,S,S,S
ERS357134,11679_7#12,ERR435399,S,S,S,,S,S,S,I,S,S,R,S
ERS357145,11679_7#13,ERR435400,S,S,R,,S,S,S,S,S,S,S,S
ERS357164,11679_7#14,ERR435401,S,,,R,S,S,S,,S,,,S
ERS357170,11679_7#15,ERR435402,S,,,R,S,S,S,,S,,,S
ERS357173,11679_7#16,ERR435403,S,,,S,S,S,S,,S,,,S
ERS357180,11679_7#17,ERR435404,S,,,S,S,S,S,,S,,,S
ERS357190,11679_7#18,ERR435405,S,,,R,S,S,S,,S,,,S
ERS357196,11679_7#19,ERR435406,S,,,R,S,S,S,,S,,,S
ERS356932,11679_7#1,ERR435388,S,S,S,,S,S,S,S,S,S,S,S
ERS357208,11679_7#20,ERR435407,S,S,S,,S,S,S,I,S,S,R,R
ERS357305,11679_7#21,ERR435408,S,S,,R,R,S,S,,S,,,S
ERS357315,11679_7#22,ERR435409,S,S,,R,R,S,S,,S,,,S
ERS357328,11679_7#23,ERR435410,S,S,,S,S,S,S,,S,,,S
ERS357329,11679_7#24,ERR435411,S,S,,R,S,S,S,,R,,,R
ERS357351,11679_7#26,ERR435413,S,S,,R,R,S,S,,S,,,S
ERS357378,11679_7#27,ERR435414,S,S,,S,S,S,R,,S,,,S
ERS357517,11679_7#28,ERR435415,S,S,,S,S,S,S,,S,,,S
ERS357594,11679_7#29,ERR435416,S,S,,S,S,S,S,,S,,,S
ERS356960,11679_7#2,ERR435389,S,S,S,,S,S,S,S,S,S,S,S
ERS357602,11679_7#30,ERR435417,S,S,,S,S,S,S,,S,,,S
ERS357603,11679_7#31,ERR435418,S,S,,S,S,S,R,,S,,,S
ERS357604,11679_7#32,ERR435419,S,S,,R,S,S,S,,S,,,S
ERS357617,11679_7#34,ERR435421,S,S,,S,S,S,S,,S,,,S
ERS357637,11679_7#35,ERR435422,S,S,,R,R,S,S,,S,,,S
ERS357641,11679_7#36,ERR435423,S,S,,S,S,S,S,,S,,,S
ERS357668,11679_7#37,ERR435424,S,S,,R,S,S,S,,S,,,S
ERS357696,11679_7#38,ERR435425,S,S,,S,S,S,S,,S,,,S
ERS357709,11679_7#39,ERR435426,S,S,,S,S,S,S,,S,,,S
ERS357717,11679_7#40,ERR435427,S,S,,S,S,S,S,,S,,,S
ERS357730,11679_7#41,ERR435428,S,S,,R,R,S,R,,S,,,R
ERS357743,11679_7#42,ERR435429,S,S,,R,R,S,R,,S,,,R
ERS357746,11679_7#43,ERR435430,S,S,,R,R,S,S,,S,,,S
ERS357747,11679_7#44,ERR435431,R,R,,R,R,I,R,,R,,,R
ERS357759,11679_7#45,ERR435432,S,S,,R,S,S,S,,S,,,S
ERS357789,11679_7#46,ERR435433,S,S,,R,R,S,S,,S,,,S
ERS357803,11679_7#47,ERR435434,S,S,,R,R,S,S,,R,,,S
ERS357804,11679_7#48,ERR435435,S,S,,S,S,S,S,,S,,,S
ERS357806,11679_7#49,ERR435436,S,S,,R,S,S,S,,R,,,R
ERS356979,11679_7#4,ERR435391,S,S,R,,R,S,R,R,S,S,S,S
ERS357815,11679_7#50,ERR435437,S,S,,R,S,S,S,,S,,,S
ERS357819,11679_7#51,ERR435438,S,S,,R,S,S,S,,S,,,S
ERS357826,11679_7#52,ERR435439,S,S,,S,S,S,S,,S,,,S
ERS357843,11679_7#53,ERR435440,S,S,,R,S,S,R,,S,,,R
ERS357852,11679_7#54,ERR435441,R,R,,R,R,S,R,,S,,,R
ERS357862,11679_7#55,ERR435442,S,S,,S,S,S,S,,S,,,S
ERS357869,11679_7#56,ERR435443,S,S,,R,R,S,S,,S,,,S
ERS357872,11679_7#57,ERR435444,S,S,,R,S,S,S,,S,,,S
ERS357884,11679_7#58,ERR435445,S,S,,R,S,S,S,,S,,,R
ERS357891,11679_7#59,ERR435446,S,S,,S,S,S,S,,S,,,S
ERS356985,11679_7#5,ERR435392,I,R,R,,R,S,R,R,S,R,R,R
ERS357906,11679_7#60,ERR435447,S,S,,S,S,S,S,,S,,,S
ERS357915,11679_7#61,ERR435448,S,S,,R,R,R,R,,S,,,S
ERS357922,11679_7#62,ERR435449,S,S,,R,R,S,S,,S,,,S
ERS357930,11679_7#63,ERR435450,R,S,,R,R,R,R,,S,,,S
ERS357935,11679_7#64,ERR435451,S,S,,S,S,S,S,,S,,,S
ERS357949,11679_7#65,ERR435452,S,S,,S,S,S,S,,S,,,S
ERS357950,11679_7#66,ERR435453,S,S,,R,R,S,S,,S,,,S
ERS357959,11679_7#67,ERR435454,S,S,,S,S,S,S,,S,,,S
ERS357965,11679_7#68,ERR435455,S,S,,S,S,S,S,,S,,,S
ERS357971,11679_7#69,ERR435456,S,S,,S,S,S,S,,S,,,S
ERS356989,11679_7#6,ERR435393,S,S,S,,S,S,S,S,S,S,S,S
ERS357999,11679_7#70,ERR435457,S,S,,R,R,S,R,,S,,,R
ERS358001,11679_7#71,ERR435458,S,S,,S,S,S,R,,S,,,S
ERS358048,11679_7#72,ERR435459,S,S,,S,S,S,S,,S,,,S
ERS358053,11679_7#73,ERR435460,S,S,,S,S,S,S,,S,,,S
ERS358054,11679_7#74,ERR435461,S,S,,R,S,S,S,,S,,,S
ERS358058,11679_7#75,ERR435462,S,S,,R,R,S,S,,S,,,S
ERS358062,11679_7#76,ERR435463,S,S,,R,S,S,S,,S,,,S
ERS358067,11679_7#77,ERR435464,S,S,,R,R,S,S,,R,,,R
ERS358091,11679_7#78,ERR435465,S,S,,S,S,S,S,,S,,,S
ERS358100,11679_7#79,ERR435466,S,S,,R,R,S,S,,S,,,S
ERS358107,11679_7#80,ERR435467,S,S,,S,S,S,S,,S,,,S
ERS358120,11679_7#81,ERR435468,S,S,,S,S,S,S,,S,,,S
ERS358134,11679_7#82,ERR435469,S,S,,R,R,S,R,,S,,,R
ERS358177,11679_7#83,ERR435470,S,S,,R,S,S,S,,R,,,S
ERS358185,11679_7#84,ERR435471,S,S,,S,S,S,R,,S,,,S
ERS358190,11679_7#85,ERR435472,S,S,,S,S,S,S,,S,,,S
ERS358194,11679_7#86,ERR435473,S,S,,S,S,S,S,,S,,,S
ERS358195,11679_7#87,ERR435474,S,S,,S,S,S,S,,S,,,S
ERS358201,11679_7#88,ERR435475,S,S,,S,S,S,S,,S,,,S
ERS358219,11679_7#89,ERR435476,S,S,,S,S,S,S,,S,,,S
ERS357010,11679_7#8,ERR435395,S,S,R,,S,S,S,I,S,S,R,R
ERS358225,11679_7#90,ERR435477,S,S,,R,S,S,S,,S,,,S
ERS358235,11679_7#91,ERR435478,S,S,,S,S,S,S,,S,,,S
ERS358243,11679_7#92,ERR435479,S,S,,S,S,S,S,,S,,,S
ERS358246,11679_7#93,ERR435480,S,S,,S,S,S,S,,S,,,R
ERS358251,11679_7#94,ERR435481,S,S,,S,S,S,S,,S,,,S
ERS358260,11679_7#95,ERR435482,R,R,,R,R,S,R,,S,,,S
ERS358265,11679_7#96,ERR435483,S,S,,S,S,S,S,,S,,,S
ERS357013,11679_7#9,ERR435396,S,S,R,,R,S,S,I,S,S,R,S
ERS357137,11679_8#10,ERR435493,S,S,S,,S,S,S,S,S,S,S,S
ERS357142,11679_8#11,ERR435494,R,R,R,,S,S,R,R,S,S,R,R
ERS357168,11679_8#12,ERR435495,S,,,S,S,S,S,,S,,,S
ERS357171,11679_8#13,ERR435496,S,,,S,S,S,S,,S,,,S
ERS357174,11679_8#14,ERR435497,S,,,S,S,S,S,,S,,,S
ERS357231,11679_8#15,ERR435498,S,,,R,S,S,S,,S,,,S
ERS357248,11679_8#16,ERR435499,S,S,,R,S,S,S,,S,,,S
ERS357264,11679_8#17,ERR435500,S,S,,S,S,S,S,,S,,,S
ERS357269,11679_8#18,ERR435501,S,S,,S,S,S,S,,S,,,S
ERS357283,11679_8#19,ERR435502,S,S,,S,S,S,S,,S,,,S
ERS356952,11679_8#1,ERR435484,S,S,S,,S,S,S,I,S,S,S,S
ERS357296,11679_8#20,ERR435503,S,S,,R,S,S,S,,S,,,S
ERS357300,11679_8#21,ERR435504,S,S,,R,S,S,S,,S,,,S
ERS357312,11679_8#22,ERR435505,S,S,,R,S,S,S,,S,,,S
ERS357322,11679_8#23,ERR435506,S,S,,S,S,S,S,,S,,,S
ERS357326,11679_8#24,ERR435507,S,S,,S,S,S,S,,S,,,S
ERS357327,11679_8#25,ERR435508,S,S,,S,S,S,S,,S,,,S
ERS357332,11679_8#26,ERR435509,S,S,,R,S,S,S,,S,,,S
ERS357334,11679_8#27,ERR435510,S,S,,R,S,S,S,,S,,,S
ERS357337,11679_8#28,ERR435511,S,S,,R,S,S,S,,S,,,S
ERS357339,11679_8#29,ERR435512,S,S,,S,S,S,S,,S,,,S
ERS356976,11679_8#2,ERR435485,S,S,R,,S,S,S,S,S,S,S,S
ERS357349,11679_8#30,ERR435513,S,S,,S,S,S,S,,S,,,S
ERS357352,11679_8#31,ERR435514,S,S,,R,S,S,S,,S,,,S
ERS357363,11679_8#32,ERR435515,S,S,,R,S,S,S,,S,,,S
ERS357379,11679_8#33,ERR435516,R,R,,R,R,S,R,,S,,,S
ERS357388,11679_8#34,ERR435517,S,S,,S,S,S,S,,S,,,S
ERS357391,11679_8#35,ERR435518,S,S,,R,S,S,S,,S,,,S
ERS357393,11679_8#36,ERR435519,S,S,,R,S,S,S,,S,,,S
ERS357395,11679_8#37,ERR435520,S,S,,S,S,S,S,,S,,,S
ERS357402,11679_8#38,ERR435521,S,S,,S,S,S,S,,S,,,S
ERS357404,11679_8#39,ERR435522,S,S,,S,S,S,S,,S,,,S
ERS356983,11679_8#3,ERR435486,S,S,R,,R,S,R,R,S,S,S,S
ERS357411,11679_8#40,ERR435523,S,S,,R,S,S,S,,S,,,R
ERS357412,11679_8#41,ERR435524,S,S,,R,S,S,S,,S,,,S
ERS357436,11679_8#42,ERR435525,S,S,,R,S,S,S,,S,,,S
ERS357448,11679_8#43,ERR435526,S,S,,R,S,I,S,,S,,,S
ERS357475,11679_8#44,ERR435527,S,S,,S,S,S,S,,S,,,S
ERS357576,11679_8#45,ERR435528,S,S,,S,S,S,S,,S,,,S
ERS357581,11679_8#46,ERR435529,S,S,,S,S,S,S,,S,,,S
ERS357586,11679_8#47,ERR435530,S,S,,R,R,S,S,,R,,,S
ERS357590,11679_8#48,ERR435531,S,S,,R,S,S,S,,S,,,S
ERS357600,11679_8#49,ERR435532,S,S,,R,S,S,S,,S,,,S
ERS356992,11679_8#4,ERR435487,S,S,S,,S,S,S,S,S,S,S,S
ERS357619,11679_8#50,ERR435533,S,S,,R,S,S,S,,S,,,S
ERS357639,11679_8#52,ERR435534,S,S,,S,S,S,S,,S,,,S
ERS357659,11679_8#53,ERR435535,S,S,,S,S,S,S,,S,,,S
ERS357663,11679_8#54,ERR435536,S,S,,S,S,S,S,,S,,,S
ERS357671,11679_8#55,ERR435537,R,R,,R,S,S,R,,S,,,R
ERS357673,11679_8#56,ERR435538,S,S,,R,S,S,S,,S,,,S
ERS357677,11679_8#57,ERR435539,S,S,,R,S,S,S,,S,,,S
ERS357682,11679_8#58,ERR435540,S,S,,R,R,S,S,,S,,,S
ERS357710,11679_8#59,ERR435541,S,S,,R,S,S,S,,R,,,R
ERS356997,11679_8#5,ERR435488,S,S,S,,S,S,S,I,S,S,S,S
ERS357721,11679_8#60,ERR435542,S,S,,S,S,S,S,,S,,,S
ERS357722,11679_8#61,ERR435543,S,S,,R,R,S,S,,S,,,S
ERS357723,11679_8#62,ERR435544,S,S,,S,S,S,S,,S,,,S
ERS357726,11679_8#63,ERR435545,S,S,,R,R,S,S,,S,,,S
ERS357734,11679_8#64,ERR435546,R,R,,R,R,R,R,,R,,,R
ERS357750,11679_8#65,ERR435547,S,S,,R,S,S,S,,S,,,S
ERS357764,11679_8#66,ERR435548,S,S,,R,S,S,S,,S,,,S
ERS357774,11679_8#67,ERR435549,S,S,,R,R,S,S,,S,,,S
ERS357828,11679_8#68,ERR435550,S,S,,R,S,S,S,,S,,,S
ERS357847,11679_8#69,ERR435551,S,S,,R,S,S,S,,S,,,S
ERS357009,11679_8#6,ERR435489,S,S,R,,S,S,S,I,R,R,S,R
ERS357913,11679_8#70,ERR435552,S,S,,R,R,I,S,,R,,,S
ERS357914,11679_8#71,ERR435553,S,S,,R,S,S,S,,S,,,S
ERS357921,11679_8#72,ERR435554,S,S,,S,S,S,S,,S,,,S
ERS357977,11679_8#73,ERR435555,S,S,,R,S,S,S,,S,,,S
ERS357990,11679_8#74,ERR435556,S,S,,S,S,S,S,,S,,,S
ERS358043,11679_8#75,ERR435557,S,S,,R,R,S,S,,I,,,R
ERS358046,11679_8#76,ERR435558,S,S,,R,S,S,R,,S,,,S
ERS358051,11679_8#77,ERR435559,S,S,,S,S,S,S,,S,,,S
ERS358085,11679_8#78,ERR435560,S,S,,S,S,S,S,,S,,,S
ERS358086,11679_8#79,ERR435561,S,S,,R,S,S,S,,S,,,S
ERS357039,11679_8#7,ERR435490,S,S,R,,S,S,S,S,S,S,R,R
ERS358089,11679_8#80,ERR435562,I,I,,R,R,S,R,,S,,,S
ERS358153,11679_8#81,ERR435563,S,S,,S,S,S,S,,S,,,S
ERS358159,11679_8#82,ERR435564,S,S,,R,S,S,S,,S,,,S
ERS358160,11679_8#83,ERR435565,S,I,,R,R,I,R,,S,,,S
ERS358165,11679_8#84,ERR435566,S,S,,R,R,S,S,,S,,,S
ERS358168,11679_8#85,ERR435567,S,S,,R,R,S,S,,R,,,R
ERS358169,11679_8#86,ERR435568,S,S,,S,S,S,S,,S,,,S
ERS358176,11679_8#87,ERR435569,S,S,,R,S,S,S,,S,,,S
ERS358181,11679_8#88,ERR435570,S,S,,R,S,S,S,,S,,,S
ERS358205,11679_8#89,ERR435571,S,S,,R,R,S,S,,S,,,R
ERS357100,11679_8#8,ERR435491,S,S,S,,S,S,S,S,S,S,S,S
ERS358231,11679_8#90,ERR435572,S,S,,R,R,S,S,,S,,,S
ERS358233,11679_8#91,ERR435573,S,S,,S,S,S,S,,S,,,S
ERS358247,11679_8#92,ERR435574,S,S,,R,S,S,S,,S,,,R
ERS358249,11679_8#93,ERR435575,S,S,,S,S,S,S,,S,,,S
ERS358252,11679_8#94,ERR435576,S,S,,R,R,S,R,,S,,,S
ERS358256,11679_8#95,ERR435577,S,S,,R,R,S,S,,S,,,S
ERS358271,11679_8#96,ERR435578,S,S,,R,R,R,S,,S,,,S
ERS357113,11679_8#9,ERR435492,I,S,R,,R,S,R,R,S,S,S,S
ERS357274,11791_3#10,ERR439542,S,S,,S,S,S,S,,S,,,S
ERS357281,11791_3#11,ERR439543,S,S,,S,S,S,S,,S,,,S
ERS357306,11791_3#12,ERR439544,S,S,,S,S,S,S,,S,,,S
ERS357308,11791_3#13,ERR439545,S,S,,R,S,S,S,,S,,,S
ERS357314,11791_3#14,ERR439546,S,S,,R,S,S,S,,S,,,S
ERS357320,11791_3#15,ERR439547,S,S,,S,S,S,S,,S,,,S
ERS357321,11791_3#16,ERR439548,S,S,,S,S,S,R,,S,,,S
ERS357325,11791_3#17,ERR439549,S,S,,R,S,S,S,,S,,,S
ERS357336,11791_3#18,ERR439550,S,S,,R,S,S,S,,S,,,S
ERS357338,11791_3#19,ERR439551,S,S,,R,S,S,S,,S,,,S
ERS357081,11791_3#1,ERR439533,S,S,R,,R,,S,R,S,S,I,R
ERS357341,11791_3#20,ERR439552,S,S,,R,R,S,S,,S,,,S
ERS357344,11791_3#21,ERR439553,S,S,,R,R,R,R,,I,,,S
ERS357345,11791_3#22,ERR439554,S,S,,R,R,S,S,,S,,,S
ERS357346,11791_3#23,ERR439555,S,S,,R,S,S,S,,S,,,S
ERS357353,11791_3#24,ERR439556,S,S,,R,R,R,S,,S,,,S
ERS357354,11791_3#25,ERR439557,S,S,,R,S,S,S,,S,,,S
ERS357356,11791_3#26,ERR439558,S,S,,R,R,R,R,,S,,,S
ERS357360,11791_3#27,ERR439559,S,S,,S,S,S,S,,S,,,S
ERS357364,11791_3#28,ERR439560,S,S,,R,R,R,S,,S,,,S
ERS357369,11791_3#29,ERR439561,S,S,,R,R,S,S,,S,,,S
ERS357092,11791_3#2,ERR439534,S,S,R,,S,S,S,S,S,S,R,S
ERS357372,11791_3#30,ERR439562,S,S,,R,S,S,S,,S,,,S
ERS357376,11791_3#31,ERR439563,S,S,,S,S,S,S,,S,,,S
ERS357386,11791_3#32,ERR439564,S,S,,R,S,S,S,,S,,,R
ERS357415,11791_3#33,ERR439565,S,S,,R,S,S,S,,S,,,S
ERS357418,11791_3#34,ERR439566,S,S,,R,R,S,S,,S,,,S
ERS357421,11791_3#35,ERR439567,S,S,,S,S,S,S,,S,,,S
ERS357440,11791_3#36,ERR439568,S,S,,S,S,R,S,,S,,,S
ERS357449,11791_3#37,ERR439569,S,S,,R,S,S,S,,S,,,S
ERS357578,11791_3#38,ERR439570,S,S,,S,S,S,S,,S,,,S
ERS357584,11791_3#39,ERR439571,S,S,,R,R,S,S,,S,,,S
ERS357127,11791_3#3,ERR439535,S,S,R,,S,S,S,I,S,S,S,S
ERS357585,11791_3#40,ERR439572,S,S,,S,S,S,S,,S,,,S
ERS357596,11791_3#41,ERR439573,S,S,,S,S,S,S,,S,,,S
ERS357607,11791_3#42,ERR439574,S,S,,S,S,S,S,,S,,,S
ERS357614,11791_3#43,ERR439575,I,R,,R,R,S,R,,S,,,R
ERS357620,11791_3#44,ERR439576,S,S,,R,S,S,S,,S,,,S
ERS357631,11791_3#45,ERR439577,S,S,,S,S,S,S,,S,,,S
ERS357644,11791_3#46,ERR439578,S,S,,R,R,S,S,,S,,,S
ERS357645,11791_3#47,ERR439579,S,S,,S,S,S,S,,S,,,S
ERS357654,11791_3#48,ERR439580,S,S,,R,R,S,S,,S,,,S
ERS357667,11791_3#49,ERR439581,S,S,,S,S,S,R,,S,,,S
ERS357143,11791_3#4,ERR439536,S,S,S,,S,S,S,I,S,S,S,S
ERS357686,11791_3#50,ERR439582,S,S,,R,S,S,S,,R,,,S
ERS357695,11791_3#51,ERR439583,S,S,,R,R,S,S,,S,,,S
ERS357704,11791_3#52,ERR439584,S,S,,R,S,S,S,,S,,,S
ERS357711,11791_3#53,ERR439585,S,S,,S,S,S,S,,S,,,S
ERS357713,11791_3#54,ERR439586,S,S,,S,S,S,S,,S,,,S
ERS357728,11791_3#55,ERR439587,S,S,,R,R,R,R,,S,,,R
ERS357729,11791_3#56,ERR439588,S,S,,R,R,S,S,,S,,,S
ERS357736,11791_3#57,ERR439589,S,S,,R,R,I,R,,S,,,S
ERS357745,11791_3#58,ERR439590,S,S,,S,S,S,S,,S,,,S
ERS357753,11791_3#59,ERR439591,S,S,,S,S,S,S,,S,,,S
ERS357147,11791_3#5,ERR439537,S,S,S,,S,S,S,S,S,S,S,S
ERS357771,11791_3#60,ERR439592,S,S,,S,S,S,S,,S,,,S
ERS357777,11791_3#61,ERR439593,S,S,,R,R,R,R,,S,,,S
ERS357800,11791_3#62,ERR439594,S,S,,S,S,S,S,,S,,,S
ERS357830,11791_3#63,ERR439595,S,S,,R,R,S,S,,R,,,R
ERS357927,11791_3#64,ERR439596,S,S,,R,S,S,S,,S,,,S
ERS357946,11791_3#65,ERR439597,S,S,,R,R,S,S,,S,,,S
ERS358095,11791_3#66,ERR439598,S,S,,R,S,S,S,,S,,,S
ERS358133,11791_3#67,ERR439599,S,S,,S,S,S,S,,S,,,S
ERS358136,11791_3#68,ERR439600,S,S,R,,S,S,S,I,S,S,S,S
ERS358138,11791_3#69,ERR439601,R,R,R,,R,R,R,R,S,S,S,R
ERS357195,11791_3#6,ERR439538,S,,,R,R,S,S,,R,,,R
ERS358140,11791_3#70,ERR439602,S,S,,R,S,I,R,,S,,,S
ERS358141,11791_3#71,ERR439603,S,S,,S,S,I,S,,S,,,S
ERS358144,11791_3#72,ERR439604,S,S,,R,S,S,S,,S,,,S
ERS358146,11791_3#73,ERR439605,S,S,,S,S,I,S,,S,,,S
ERS358148,11791_3#74,ERR439606,S,S,,R,S,S,S,,S,,,S
ERS358151,11791_3#75,ERR439607,S,S,,R,R,S,S,,S,,,S
ERS358156,11791_3#76,ERR439608,S,S,,S,S,S,S,,S,,,S
ERS358162,11791_3#77,ERR439609,S,S,,R,R,S,R,,S,,,S
ERS358164,11791_3#78,ERR439610,S,S,,R,R,I,R,,I,,,S
ERS358173,11791_3#79,ERR439611,S,S,,S,S,S,S,,S,,,S
ERS357240,11791_3#7,ERR439539,S,S,,S,S,S,S,,S,,,S
ERS358174,11791_3#80,ERR439612,S,S,,R,S,S,S,,S,,,S
ERS358178,11791_3#81,ERR439613,S,S,,R,S,S,S,,S,,,R
ERS358182,11791_3#82,ERR439614,S,S,,S,S,S,S,,S,,,S
ERS358183,11791_3#83,ERR439615,S,S,,S,S,S,S,,S,,,R
ERS358184,11791_3#84,ERR439616,S,S,,S,S,S,S,,S,,,S
ERS358186,11791_3#85,ERR439617,S,S,,R,S,S,S,,S,,,S
ERS358189,11791_3#86,ERR439618,S,S,,S,S,S,S,,S,,,S
ERS358214,11791_3#87,ERR439619,S,S,,S,S,S,S,,S,,,R
ERS358216,11791_3#88,ERR439620,S,S,,S,S,S,S,,S,,,S
ERS358217,11791_3#89,ERR439621,S,S,,R,R,S,S,,S,,,S
ERS357255,11791_3#8,ERR439540,S,S,,S,S,S,S,,S,,,S
ERS358218,11791_3#90,ERR439622,S,S,,R,R,S,S,,S,,,S
ERS358222,11791_3#91,ERR439623,S,S,,R,R,S,S,,S,,,S
ERS358229,11791_3#92,ERR439624,S,S,,R,R,S,S,,S,,,S
ERS358238,11791_3#93,ERR439625,S,S,,R,R,S,R,,S,,,S
ERS358244,11791_3#94,ERR439626,S,S,,S,S,S,S,,S,,,S
ERS358259,11791_3#95,ERR439627,S,,,R,R,R,R,,I,,,S
ERS358264,11791_3#96,ERR439628,S,S,,R,R,R,S,,S,,,S
ERS357266,11791_3#9,ERR439541,S,S,,S,S,S,S,,S,,,S
ERS357020,11791_6#10,ERR439637,S,S,R,,R,S,S,S,S,S,S,S
ERS357207,11791_6#11,ERR439638,S,S,S,,S,S,S,S,S,S,S,S
ERS357254,11791_6#12,ERR439639,S,S,,R,R,S,S,,S,,,S
ERS357261,11791_6#13,ERR439640,S,S,,R,S,S,S,,S,,,S
ERS357262,11791_6#14,ERR439641,S,S,,R,R,I,R,,S,,,R
ERS357272,11791_6#15,ERR439642,S,S,,S,S,S,S,,S,,,S
ERS357280,11791_6#16,ERR439643,S,S,,S,S,S,S,,S,,,S
ERS357319,11791_6#17,ERR439644,S,S,,S,S,S,S,,S,,,S
ERS357357,11791_6#18,ERR439645,S,S,,R,S,S,S,,R,,,I
ERS356757,11791_6#1,ERR439629,S,S,R,,S,S,S,I,R,I,S,S
ERS357463,11791_6#20,ERR439647,S,S,,R,S,S,S,,S,,,S
ERS357523,11791_6#21,ERR439648,S,S,,S,S,S,S,,S,,,S
ERS357553,11791_6#22,ERR439649,S,S,,S,S,S,S,,S,,,S
ERS357589,11791_6#23,ERR439650,S,S,,R,S,S,S,,S,,,S
ERS357801,11791_6#24,ERR439651,R,R,,R,R,I,R,,R,,,R
ERS357817,11791_6#25,ERR439652,S,S,,R,R,S,S,,S,,,R
ERS357840,11791_6#26,ERR439653,S,S,,R,R,S,S,,S,,,S
ERS357880,11791_6#27,ERR439654,S,R,,R,S,S,R,,S,,,S
ERS357934,11791_6#28,ERR439655,S,S,,R,R,S,S,,S,,,S
ERS357940,11791_6#29,ERR439656,R,R,,R,R,I,R,,R,,,R
ERS356796,11791_6#2,ERR439630,S,S,S,,S,S,S,I,S,S,R,R
ERS357957,11791_6#30,ERR439657,S,S,,R,R,S,R,,S,,,R
ERS357979,11791_6#32,ERR439658,S,S,,R,R,S,S,,S,,,S
ERS357991,11791_6#33,ERR439659,S,S,,R,S,S,S,,R,,,R
ERS358017,11791_6#34,ERR439660,S,S,,R,S,S,S,,S,,,S
ERS358030,11791_6#35,ERR439661,S,S,,R,R,S,R,,S,,,S
ERS358084,11791_6#36,ERR439662,S,S,,R,R,S,S,,S,,,S
ERS358106,11791_6#37,ERR439663,S,S,,R,S,S,S,,R,,,R
ERS358179,11791_6#38,ERR439664,S,S,,S,S,S,S,,S,,,S
ERS358187,11791_6#39,ERR439665,S,S,,S,S,S,S,,S,,,S
ERS356829,11791_6#3,ERR439631,S,S,R,,S,S,S,S,S,S,R,S
ERS356852,11791_6#4,ERR439632,S,S,R,,S,S,S,S,S,S,R,S
ERS356854,11791_6#5,ERR439633,S,S,R,,R,S,S,I,S,S,S,S
ERS356881,11791_6#6,ERR439634,S,S,R,,R,S,S,S,S,S,R,S
ERS356910,11791_6#7,ERR439635,S,S,R,,R,S,R,I,S,R,R,R
ERS356937,11791_6#9,ERR439636,S,S,S,,S,S,S,I,S,S,S,R
ERS356799,11791_7#10,ERR439674,S,S,S,,S,S,S,I,S,S,S,S
ERS356802,11791_7#11,ERR439675,S,S,R,,S,S,S,S,S,S,S,S
ERS356803,11791_7#12,ERR439676,S,S,S,,S,S,S,S,S,S,S,S
ERS356817,11791_7#13,ERR439677,S,S,R,,R,R,S,I,S,S,S,S
ERS356818,11791_7#14,ERR439678,S,S,S,,S,S,S,S,S,S,S,S
ERS356821,11791_7#15,ERR439679,S,S,S,,S,S,S,S,S,S,S,S
ERS356856,11791_7#16,ERR439680,S,S,S,,S,S,S,S,S,S,S,S
ERS356868,11791_7#17,ERR439681,S,S,R,,R,R,S,I,S,S,R,S
ERS356870,11791_7#18,ERR439682,S,S,R,,R,S,S,S,S,S,S,S
ERS356882,11791_7#19,ERR439683,S,S,S,,S,S,S,S,S,S,I,S
ERS356753,11791_7#1,ERR439666,S,S,R,,R,R,S,I,S,S,S,S
ERS356899,11791_7#20,ERR439684,S,S,S,,S,S,S,S,S,S,S,S
ERS356912,11791_7#21,ERR439685,S,S,R,,S,S,S,I,S,S,S,S
ERS356918,11791_7#22,ERR439686,S,S,S,,S,S,S,S,S,S,S,S
ERS357041,11791_7#23,ERR439687,S,S,R,,S,S,S,S,S,S,R,S
ERS357055,11791_7#24,ERR439688,S,S,S,,S,S,S,S,S,S,S,S
ERS357057,11791_7#25,ERR439689,S,S,S,,S,S,S,S,S,S,S,S
ERS357060,11791_7#26,ERR439690,S,S,R,,S,S,S,I,S,S,R,S
ERS357062,11791_7#27,ERR439691,S,S,R,,S,S,R,R,S,S,S,S
ERS357064,11791_7#28,ERR439692,S,S,R,,R,R,S,R,S,S,S,S
ERS357065,11791_7#29,ERR439693,S,S,R,,S,S,S,S,S,S,S,R
ERS356754,11791_7#2,ERR439667,S,S,R,,R,S,S,I,S,R,R,R
ERS357066,11791_7#30,ERR439694,S,S,R,,S,S,S,I,S,S,R,S
ERS357069,11791_7#32,ERR439695,S,S,R,,S,S,S,S,S,S,R,S
ERS357073,11791_7#33,ERR439696,S,S,S,,S,S,S,I,S,S,S,S
ERS357079,11791_7#34,ERR439697,S,S,R,,R,R,S,R,S,S,S,S
ERS357087,11791_7#35,ERR439698,S,S,R,,S,S,S,S,S,S,R,R
ERS357105,11791_7#36,ERR439699,S,S,R,,S,S,S,I,S,S,S,S
ERS357216,11791_7#37,ERR439700,S,,,S,S,S,S,,R,,,S
ERS357218,11791_7#38,ERR439701,S,,,S,S,S,S,,S,,,S
ERS357224,11791_7#39,ERR439702,S,,,R,S,S,S,,S,,,S
ERS356761,11791_7#3,ERR439668,S,S,S,,S,S,S,S,S,S,S,S
ERS357233,11791_7#40,ERR439703,S,,,S,S,S,S,,S,,,S
ERS357234,11791_7#41,ERR439704,S,,,S,S,S,S,,S,,,S
ERS357238,11791_7#42,ERR439705,I,S,,R,R,I,R,,S,,,S
ERS357292,11791_7#44,ERR439706,S,S,,R,S,S,S,,S,,,S
ERS357401,11791_7#45,ERR439707,S,S,,S,S,S,S,,S,,,S
ERS357410,11791_7#46,ERR439708,S,S,,S,S,S,S,,S,,,S
ERS357413,11791_7#47,ERR439709,S,S,,R,R,R,S,,S,,,R
ERS357417,11791_7#48,ERR439710,S,S,,S,S,S,S,,S,,,S
ERS357429,11791_7#49,ERR439711,S,S,,R,R,R,S,,R,,,R
ERS356767,11791_7#4,ERR439669,S,S,S,,S,S,S,S,S,S,S,S
ERS357433,11791_7#50,ERR439712,S,S,,S,S,S,R,,S,,,R
ERS357438,11791_7#51,ERR439713,S,S,,R,S,S,S,,S,,,S
ERS357450,11791_7#52,ERR439714,S,S,,S,S,I,S,,S,,,R
ERS357459,11791_7#53,ERR439715,S,S,,R,S,I,S,,S,,,S
ERS357461,11791_7#54,ERR439716,S,S,,S,S,S,S,,S,,,S
ERS357482,11791_7#55,ERR439717,R,R,,R,R,R,R,,S,,,R
ERS357499,11791_7#56,ERR439718,S,S,,R,R,R,S,,S,,,S
ERS357511,11791_7#57,ERR439719,S,S,,R,R,S,S,,S,,,S
ERS357537,11791_7#58,ERR439720,S,S,,R,S,S,R,,S,,,S
ERS357540,11791_7#59,ERR439721,S,S,,R,R,R,R,,S,,,R
ERS356768,11791_7#5,ERR439670,S,S,R,,S,S,S,I,R,R,R,R
ERS357552,11791_7#60,ERR439722,R,R,,R,R,S,R,,R,,,R
ERS357554,11791_7#61,ERR439723,S,S,,S,S,S,S,,S,,,S
ERS357564,11791_7#62,ERR439724,S,S,,S,S,S,S,,S,,,S
ERS357878,11791_7#63,ERR439725,S,S,,S,S,S,S,,S,,,S
ERS357902,11791_7#64,ERR439726,S,S,,R,S,S,S,,S,,,S
ERS358012,11791_7#65,ERR439727,S,S,,R,R,S,S,,S,,,S
ERS358028,11791_7#66,ERR439728,S,S,,R,R,R,S,,R,,,R
ERS358035,11791_7#67,ERR439729,S,S,,R,S,S,R,,S,,,S
ERS358079,11791_7#68,ERR439730,S,S,,S,S,S,S,,S,,,S
ERS358105,11791_7#69,ERR439731,S,S,,S,S,S,S,,S,,,S
ERS356770,11791_7#6,ERR439671,S,S,R,,R,R,R,R,S,R,R,R
ERS358223,11791_7#70,ERR439732,S,S,,S,S,S,S,,S,,,S
ERS356790,11791_7#7,ERR439672,R,R,R,,S,S,R,R,S,S,S,R
ERS356798,11791_7#9,ERR439673,S,S,S,,S,S,S,I,S,S,S,S
ERS357622,11893_8#71,ERR460494,S,S,,S,S,S,S,,S,,,S
ERS379216,12045_3#57,ERR485890,S,S,,S,S,S,S,,S,,,I
ERS379217,12045_3#58,ERR485891,S,S,,R,R,S,R,,S,,,S
ERS379218,12045_3#59,ERR485892,S,S,,R,R,S,R,,S,,,R
ERS379219,12045_3#60,ERR485893,S,S,,S,S,S,S,,S,,,S
ERS379220,12045_3#61,ERR485894,S,S,,R,S,S,S,,S,,,S
ERS379221,12045_3#62,ERR485895,S,S,,R,S,S,S,,S,,,S
ERS379222,12045_3#63,ERR485896,S,S,,R,S,S,S,,S,,,S
ERS379223,12045_3#64,ERR485897,S,S,,R,R,S,S,,S,,,S
ERS379224,12045_3#65,ERR485898,S,S,,S,S,S,S,,S,,,S
ERS379225,12045_3#66,ERR485899,S,S,,R,R,S,S,,S,,,S
ERS379226,12045_3#67,ERR485900,S,S,,S,S,S,S,,S,,,S
ERS838778,18090_6#33,ERR1218534,R,R,R,,R,R,R,R,S,S,R,I
ERS838795,18090_6#34,ERR1218535,S,R,R,,R,S,R,R,R,R,R,R
ERS838804,18090_6#35,ERR1218536,S,R,R,,S,S,R,R,R,R,S,R
ERS838810,18090_6#36,ERR1218537,S,R,R,,S,S,R,R,R,R,R,S
ERS838812,18090_6#37,ERR1218538,R,R,R,,R,S,R,R,R,I,S,R
ERS838816,18090_6#38,ERR1218539,I,R,R,,R,S,R,R,S,S,R,S
ERS838819,18090_6#39,ERR1218540,R,R,R,,R,R,R,R,R,R,R,R
ERS838833,18090_6#40,ERR1218541,S,R,R,,S,S,R,R,I,S,S,R
ERS838837,18090_6#41,ERR1218542,I,R,R,,S,S,R,R,S,S,R,R
ERS838844,18090_6#42,ERR1218543,I,R,R,,S,S,R,R,S,S,S,R
ERS838862,18090_6#43,ERR1218544,S,R,R,,S,S,R,R,R,R,R,R
ERS838866,18090_6#44,ERR1218545,S,R,R,,S,S,R,R,R,R,R,R
ERS838891,18090_6#45,ERR1218546,R,R,R,,R,R,R,R,R,R,R,R
ERS838904,18090_6#48,ERR1218549,S,R,R,,R,S,R,R,R,S,S,S
ERS838906,18090_6#50,ERR1218551,I,R,R,,R,S,R,R,R,R,R,S
ERS838909,18090_6#51,ERR1218552,R,R,R,,R,S,R,R,R,R,R,R
ERS838911,18090_6#52,ERR1218553,S,R,R,,S,S,R,R,R,R,R,R
ERS838851,18090_6#53,ERR1218554,I,R,R,,S,S,R,R,R,R,R,S
ERS838922,18090_6#55,ERR1218556,R,R,R,,S,S,R,R,R,R,R,R
ERS838932,18090_6#56,ERR1218557,I,R,R,,S,S,R,R,R,R,R,S
ERS838948,18090_6#57,ERR1218558,R,R,R,,S,S,R,R,S,S,R,R
ERS838967,18090_6#58,ERR1218559,R,R,R,,S,S,R,R,R,R,R,R
ERS838979,18090_6#59,ERR1218560,R,R,R,,R,S,R,R,R,R,R,R
ERS838996,18090_6#60,ERR1218561,R,R,R,,S,S,R,R,S,S,S,S
ERS839004,18090_6#61,ERR1218562,R,R,R,,S,S,R,R,R,R,S,S
ERS839018,18090_6#63,ERR1218564,I,R,R,,S,S,R,R,R,R,R,R
ERS838773,18090_6#80,ERR1218581,R,R,R,,S,S,R,R,R,R,R,R
ERS838774,18090_6#81,ERR1218582,I,R,R,,S,S,R,R,S,S,R,R
ERS838775,18090_6#82,ERR1218583,R,R,R,,R,S,R,R,R,R,R,I
ERS838776,18090_6#83,ERR1218584,R,R,R,,S,S,R,R,S,R,S,S
ERS838777,18090_6#84,ERR1218585,I,R,R,,S,S,R,R,R,R,R,R
ERS838779,18090_6#85,ERR1218586,R,R,R,,R,R,R,R,S,R,R,R
ERS838780,18090_6#86,ERR1218587,R,R,R,,R,S,R,R,R,R,R,S
ERS838781,18090_6#87,ERR1218588,R,R,R,,R,R,R,R,S,S,R,R
ERS838782,18090_6#88,ERR1218589,S,R,R,,R,S,R,R,R,R,R,R
ERS838783,18090_6#89,ERR1218590,R,R,R,,R,S,R,R,R,R,R,R
ERS838784,18090_6#90,ERR1218591,S,R,R,,S,S,R,R,R,R,S,S
ERS838785,18090_6#91,ERR1218592,S,R,R,,R,S,R,R,R,I,S,R
ERS838786,18090_6#92,ERR1218593,R,R,R,,S,S,R,R,R,R,R,I
ERS838787,18090_6#93,ERR1218594,S,R,R,,R,S,R,R,R,R,R,R
ERS838788,18090_6#94,ERR1218595,I,R,R,,R,S,R,R,R,I,R,S
ERS838791,18090_6#95,ERR1218596,R,R,R,,S,S,R,R,R,R,S,I
ERS838823,18090_7#10,ERR1218606,S,R,R,,R,S,R,R,R,R,S,R
ERS838825,18090_7#11,ERR1218607,I,R,R,,R,S,R,R,R,R,R,R
ERS838827,18090_7#12,ERR1218608,R,R,R,,S,S,R,R,R,R,R,R
ERS838829,18090_7#13,ERR1218609,R,R,R,,R,R,R,R,R,R,R,R
ERS838831,18090_7#14,ERR1218610,R,R,R,,S,S,R,R,R,R,S,R
ERS838835,18090_7#15,ERR1218611,R,R,R,,R,S,R,R,R,R,R,R
ERS838839,18090_7#16,ERR1218612,R,R,R,,R,R,R,R,R,R,R,R
ERS838841,18090_7#17,ERR1218613,I,R,R,,S,S,R,R,R,R,R,R
ERS838842,18090_7#18,ERR1218614,R,R,R,,S,S,R,R,S,S,R,S
ERS838846,18090_7#19,ERR1218615,R,R,R,,S,S,R,R,R,I,S,S
ERS838793,18090_7#1,ERR1218597,R,R,R,,R,S,R,R,R,R,R,R
ERS838848,18090_7#20,ERR1218616,S,R,R,,R,S,R,R,R,R,R,R
ERS838850,18090_7#21,ERR1218617,R,R,R,,R,S,R,R,R,R,R,R
ERS838853,18090_7#22,ERR1218618,I,R,R,,S,S,R,R,R,R,R,R
ERS838855,18090_7#23,ERR1218619,S,R,R,,R,S,R,R,R,R,S,I
ERS838858,18090_7#24,ERR1218620,I,R,R,,S,S,R,R,R,R,R,R
ERS838860,18090_7#25,ERR1218621,R,R,R,,R,S,R,R,R,R,R,R
ERS838864,18090_7#26,ERR1218622,S,R,R,,S,S,R,R,R,R,R,R
ERS838868,18090_7#27,ERR1218623,R,R,R,,S,S,R,R,S,S,S,R
ERS838870,18090_7#28,ERR1218624,I,R,R,,S,S,R,R,R,R,R,S
ERS838872,18090_7#29,ERR1218625,I,R,R,,S,S,R,R,S,S,S,R
ERS838797,18090_7#2,ERR1218598,R,R,R,,R,R,R,R,S,S,S,R
ERS838874,18090_7#30,ERR1218626,R,R,R,,S,S,R,R,S,S,R,R
ERS838876,18090_7#31,ERR1218627,R,R,R,,R,R,R,R,R,R,S,R
ERS838878,18090_7#32,ERR1218628,I,R,R,,S,S,R,R,S,S,S,S
ERS838880,18090_7#33,ERR1218629,R,R,R,,S,S,R,R,R,R,R,R
ERS838882,18090_7#34,ERR1218630,R,R,R,,R,S,R,R,R,R,S,R
ERS838884,18090_7#35,ERR1218631,I,R,R,,S,S,R,R,R,S,R,S
ERS838886,18090_7#36,ERR1218632,S,R,R,,S,S,R,R,R,R,R,R
ERS838888,18090_7#37,ERR1218633,S,R,R,,R,S,R,R,R,R,R,R
ERS838889,18090_7#38,ERR1218634,I,R,R,,R,S,R,R,R,R,R,R
ERS838890,18090_7#39,ERR1218635,R,R,R,,S,S,R,R,R,R,R,R
ERS838799,18090_7#3,ERR1218599,I,R,R,,S,S,R,R,R,R,R,R
ERS838892,18090_7#40,ERR1218636,I,R,R,,R,S,R,R,R,R,S,R
ERS838893,18090_7#41,ERR1218637,I,R,R,,S,S,R,R,S,S,R,R
ERS838895,18090_7#43,ERR1218639,R,R,R,,S,S,R,R,R,R,R,S
ERS838896,18090_7#44,ERR1218640,R,R,R,,S,S,R,R,R,R,S,S
ERS838897,18090_7#45,ERR1218641,R,R,R,,R,S,R,R,R,R,S,S
ERS838898,18090_7#46,ERR1218642,R,R,R,,S,S,R,R,R,R,R,S
ERS838901,18090_7#47,ERR1218643,S,R,R,,R,S,R,R,R,R,S,I
ERS838902,18090_7#48,ERR1218644,S,R,R,,S,S,R,R,S,S,R,R
ERS838801,18090_7#4,ERR1218600,R,R,R,,R,S,R,R,S,R,R,R
ERS838907,18090_7#50,ERR1218646,R,R,R,,S,S,R,R,R,R,R,R
ERS838910,18090_7#52,ERR1218648,S,R,R,,S,S,R,R,R,R,S,S
ERS838912,18090_7#53,ERR1218649,S,R,R,,S,S,R,R,R,I,R,I
ERS838913,18090_7#54,ERR1218650,S,R,R,,S,S,R,R,R,I,R,R
ERS838914,18090_7#55,ERR1218651,R,R,R,,S,S,R,R,R,R,S,R
ERS838915,18090_7#56,ERR1218652,I,R,R,,S,S,R,R,R,R,R,S
ERS838917,18090_7#58,ERR1218654,S,R,R,,R,S,R,R,R,R,R,R
ERS838918,18090_7#59,ERR1218655,R,R,R,,S,S,R,R,R,R,R,R
ERS838805,18090_7#5,ERR1218601,S,R,R,,R,S,R,R,R,R,S,R
ERS838789,18090_7#60,ERR1218656,R,R,R,,R,S,R,R,R,R,R,S
ERS838792,18090_7#62,ERR1218658,I,R,R,,S,S,R,R,S,S,R,I
ERS838794,18090_7#63,ERR1218659,I,R,R,,S,S,R,R,R,R,R,S
ERS838796,18090_7#64,ERR1218660,S,R,R,,S,S,R,R,S,S,R,S
ERS838798,18090_7#65,ERR1218661,I,R,R,,R,S,R,R,R,R,R,R
ERS838800,18090_7#66,ERR1218662,I,R,R,,S,S,R,R,S,S,R,R
ERS838802,18090_7#67,ERR1218663,S,R,R,,S,S,R,R,R,R,S,R
ERS838803,18090_7#68,ERR1218664,R,R,R,,S,S,R,R,R,R,R,S
ERS838808,18090_7#6,ERR1218602,R,R,R,,S,S,R,R,R,R,S,R
ERS838807,18090_7#70,ERR1218666,I,R,R,,S,S,R,R,S,S,S,S
ERS838813,18090_7#73,ERR1218669,R,R,R,,S,S,R,R,R,R,R,S
ERS838817,18090_7#75,ERR1218671,R,R,R,,S,S,R,R,S,S,S,S
ERS838824,18090_7#78,ERR1218674,R,R,R,,R,S,R,R,R,R,R,S
ERS838826,18090_7#79,ERR1218675,I,R,R,,R,S,R,R,S,S,S,R
ERS838814,18090_7#7,ERR1218603,I,R,R,,S,S,R,R,S,S,R,R
ERS838828,18090_7#80,ERR1218676,R,R,R,,S,S,R,R,R,R,R,S
ERS838832,18090_7#82,ERR1218678,I,R,R,,S,S,R,R,S,S,S,S
ERS838838,18090_7#85,ERR1218681,S,R,R,,S,S,R,R,R,R,S,S
ERS838840,18090_7#86,ERR1218682,R,R,R,,S,S,R,R,S,S,R,R
ERS838843,18090_7#87,ERR1218683,S,R,R,,R,S,R,R,R,R,R,S
ERS838845,18090_7#88,ERR1218684,S,R,R,,R,S,R,R,R,R,R,R
ERS838847,18090_7#89,ERR1218685,S,R,R,,R,S,R,R,R,R,S,S
ERS838818,18090_7#8,ERR1218604,R,R,R,,S,S,R,R,R,R,S,R
ERS838849,18090_7#90,ERR1218686,I,R,R,,S,S,R,R,R,R,S,S
ERS838854,18090_7#92,ERR1218688,R,R,R,,S,S,R,R,R,I,S,I
ERS838856,18090_7#93,ERR1218689,R,R,R,,S,S,R,R,S,S,R,R
ERS838857,18090_7#94,ERR1218690,R,R,R,,R,R,R,R,R,R,R,R
ERS838821,18090_7#9,ERR1218605,R,R,R,,R,S,R,R,R,R,R,R
ERS838879,18090_8#11,ERR1218701,R,R,R,,S,S,R,R,R,R,R,R
ERS838881,18090_8#12,ERR1218702,S,R,R,,S,S,R,R,R,I,R,S
ERS838883,18090_8#13,ERR1218703,R,R,R,,S,S,R,R,R,R,S,S
ERS838920,18090_8#15,ERR1218705,R,R,R,,R,R,R,R,R,R,R,R
ERS838924,18090_8#16,ERR1218706,I,R,R,,S,S,R,R,S,S,S,S
ERS838925,18090_8#17,ERR1218707,R,R,R,,S,S,R,R,R,R,R,R
ERS838930,18090_8#18,ERR1218708,R,R,R,,S,S,R,R,R,R,R,R
ERS838942,18090_8#19,ERR1218709,S,R,R,,S,S,R,R,R,R,R,S
ERS838946,18090_8#20,ERR1218710,S,R,R,,S,S,R,R,R,R,R,I
ERS838954,18090_8#21,ERR1218711,S,R,R,,R,S,R,R,R,R,R,S
ERS838970,18090_8#22,ERR1218712,R,R,R,,S,S,R,R,R,R,R,R
ERS838973,18090_8#23,ERR1218713,R,R,R,,S,S,R,R,R,R,R,R
ERS838982,18090_8#24,ERR1218714,R,R,R,,S,S,R,R,R,R,R,R
ERS838984,18090_8#25,ERR1218715,S,R,R,,S,S,R,R,R,R,S,R
ERS838992,18090_8#26,ERR1218716,I,R,R,,R,S,R,R,R,I,I,R
ERS838998,18090_8#27,ERR1218717,R,R,R,,R,S,R,R,R,R,R,S
ERS839000,18090_8#28,ERR1218718,R,R,R,,R,S,R,R,S,R,R,R
ERS839002,18090_8#29,ERR1218719,S,R,R,,S,S,R,R,R,R,R,R
ERS838861,18090_8#2,ERR1218692,S,R,R,,S,S,R,R,S,S,R,R
ERS839005,18090_8#30,ERR1218720,S,R,R,,S,S,R,R,R,R,R,S
ERS839020,18090_8#33,ERR1218723,S,R,R,,R,S,R,R,R,R,S,S
ERS838863,18090_8#3,ERR1218693,R,R,R,,R,R,R,R,I,R,R,R
ERS838865,18090_8#4,ERR1218694,I,R,R,,S,S,R,R,R,R,S,R
ERS838867,18090_8#5,ERR1218695,S,R,R,,S,S,R,R,R,S,S,S
ERS838869,18090_8#6,ERR1218696,S,R,R,,S,S,R,R,S,S,S,S
ERS838871,18090_8#7,ERR1218697,S,R,R,,S,S,R,R,R,R,R,R
ERS839037,18090_8#84,ERR1218774,I,R,R,,S,S,R,R,S,S,S,S
ERS838873,18090_8#8,ERR1218698,R,R,R,,S,S,R,R,R,I,R,R
