Isolate,Year,CTZ,CTX,AMP,AMX,AMC,TZP,CXM,CET,GEN,TBM,TMP,CIP,ST
11658_4#1,2006.0,S,S,S,,S,S,R,S,S,S,S,S,135
11657_5#1,2006.0,S,S,R,,R,S,S,S,S,S,R,R,10
11658_4#2,2006.0,S,S,S,,S,S,S,S,S,S,S,S,127
11658_5#1,2006.0,S,S,R,,S,S,S,S,S,S,R,R,10
11658_5#2,2007.0,S,R,R,,R,S,R,R,S,R,R,R,131
11658_6#1,2007.0,S,S,S,,S,S,S,S,S,S,S,S,95
11658_5#3,2007.0,S,S,R,,S,S,S,S,S,S,R,R,648
11658_4#3,2007.0,S,S,R,,R,R,S,S,S,S,R,S,69
11658_5#4,2007.0,S,S,R,,R,S,S,S,S,S,R,S,5375
11657_5#2,2007.0,S,S,R,,S,S,S,S,S,S,R,S,95
11658_6#2,2007.0,S,S,S,,S,S,S,S,S,S,S,S,5561
11658_6#3,2007.0,S,S,S,,S,S,S,S,S,S,S,S,127
11658_5#5,2007.0,S,S,R,,R,S,S,S,S,S,R,R,131
11791_7#1,2007.0,S,S,R,,R,R,S,S,S,S,S,S,73
11791_7#2,2007.0,S,S,R,,R,S,S,S,S,R,R,R,131
11657_5#3,2007.0,S,S,R,,R,S,R,S,S,S,R,S,73
11658_6#4,2007.0,S,S,S,,S,S,S,S,S,S,S,S,5546
11791_6#1,2007.0,S,S,R,,S,S,S,S,R,S,S,S,131
11658_6#5,2007.0,S,S,S,,S,S,S,S,S,S,S,S,73
11658_7#1,2007.0,S,S,R,,S,S,S,S,S,S,R,S,95
11658_8#24,2007.0,S,S,S,,S,S,S,S,S,S,S,S,12
11791_7#3,2007.0,S,S,S,,S,S,S,S,S,S,S,S,93
11658_5#6,2007.0,S,S,S,,S,S,S,S,S,S,S,S,95
11658_5#7,2007.0,S,S,S,,S,S,S,S,S,S,S,S,12
11658_5#8,2007.0,S,S,S,,S,S,S,S,S,S,S,S,62
11658_4#4,2007.0,S,S,S,,S,S,S,S,S,S,S,S,635
11658_4#5,2007.0,S,S,R,,S,S,S,S,S,S,S,S,95
11791_7#4,2007.0,S,S,S,,S,S,S,S,S,S,S,S,73
11791_7#5,2007.0,S,S,R,,S,S,S,S,R,R,R,R,131
11658_5#9,2007.0,S,S,S,,S,S,S,S,S,S,S,S,88
11791_7#6,2007.0,S,S,R,,R,R,R,R,S,R,R,R,648
11657_5#4,2007.0,S,S,S,,S,,S,S,S,S,S,S,5338
11657_6#1,2007.0,S,S,R,,S,S,S,S,S,S,R,R,453
11658_5#10,2007.0,S,S,R,,R,S,S,S,S,S,R,S,69
11658_7#2,2007.0,S,S,R,,S,S,S,S,S,S,S,S,23
11658_5#11,2007.0,S,S,R,,R,S,S,S,R,S,R,R,131
11658_7#3,2007.0,S,S,R,,S,S,S,S,S,S,R,S,69
11658_7#4,2007.0,S,S,R,,S,S,S,S,S,S,S,S,405
11658_8#25,2007.0,S,S,S,,S,S,S,S,S,S,S,S,136
11658_6#6,2007.0,S,S,R,,S,S,S,S,S,S,S,S,80
11658_7#5,2007.0,S,S,S,,S,S,S,S,S,S,S,S,73
11658_6#7,2007.0,S,S,S,,S,S,S,S,S,S,R,S,1148
11658_8#26,2007.0,S,S,R,,S,S,S,S,S,S,R,R,69
11658_5#12,2007.0,S,S,R,,R,S,S,S,S,S,S,S,73
11658_6#8,2007.0,S,S,R,,R,S,S,S,S,S,S,S,73
11658_5#13,2007.0,S,S,S,,S,S,S,S,S,S,S,S,69
11658_6#9,2007.0,S,S,R,,R,S,S,S,S,S,S,S,73
11658_5#14,2007.0,S,S,R,,S,S,S,S,S,S,S,R,131
11657_5#5,2007.0,S,S,R,,S,S,S,S,R,R,R,S,453
11658_3#1,2007.0,S,S,S,,S,S,S,S,S,S,S,S,2015
11791_7#7,2007.0,R,R,R,,S,S,R,R,S,S,S,R,131
11658_6#10,2007.0,R,R,R,,R,S,R,R,S,R,R,R,131
11658_6#11,2007.0,S,S,R,,R,S,S,S,S,S,R,S,88
11679_4#1,2007.0,S,R,R,,R,S,R,R,S,S,R,R,648
11658_6#12,2007.0,S,S,S,,S,S,S,S,S,S,S,S,59
11658_8#27,2007.0,S,S,S,,S,S,S,S,S,S,R,R,131
11791_6#2,2008.0,S,S,S,,S,S,S,S,S,S,R,R,69
11658_7#6,2008.0,S,S,R,,S,S,S,S,S,S,R,S,69
11791_7#9,2008.0,S,S,S,,S,S,S,S,S,S,S,S,1485
11791_7#10,2008.0,S,S,S,,S,S,S,S,S,S,S,S,357
11658_7#7,2008.0,R,R,R,,S,S,R,R,S,S,R,R,131
11658_5#15,2008.0,S,S,S,,S,S,S,S,S,S,S,S,73
11791_7#11,2008.0,S,S,R,,S,S,S,S,S,S,S,S,95
11791_7#12,2008.0,S,S,S,,S,S,S,S,S,S,S,S,73
11658_4#6,2008.0,S,S,S,,S,S,S,S,S,S,S,S,538
11658_6#13,2008.0,S,R,R,,R,S,R,R,S,R,R,R,131
11657_6#2,2008.0,S,S,S,,S,S,S,S,S,S,S,S,95
11658_6#14,2008.0,S,S,S,,S,S,S,S,S,S,R,R,1594
11658_6#15,2008.0,S,S,R,,S,S,S,S,S,S,R,R,115
11658_8#28,2008.0,S,S,S,,S,S,S,S,S,S,S,S,73
11658_8#29,2008.0,S,S,S,,S,S,S,S,S,S,S,S,46
11658_7#8,2008.0,S,S,R,,R,S,S,S,R,R,R,R,131
11658_5#16,2008.0,S,S,R,,S,S,S,S,S,S,S,S,73
11658_6#16,2008.0,R,R,R,,R,S,R,R,S,S,R,R,88
11658_7#9,2008.0,S,S,S,,S,S,S,S,S,S,S,S,73
11658_8#30,2008.0,R,R,R,,R,S,R,R,R,R,S,R,648
11658_8#31,2008.0,S,S,S,,S,S,S,S,S,S,S,S,73
11791_7#13,2008.0,S,S,R,,R,R,S,S,S,S,S,S,73
11791_7#14,2008.0,S,S,S,,S,S,S,S,S,S,S,S,73
11658_7#10,2008.0,S,S,S,,S,S,S,S,S,S,S,S,405
11658_6#17,2008.0,S,S,R,,S,S,S,S,S,S,R,S,69
11791_7#15,2008.0,S,S,S,,S,S,S,S,S,S,S,S,95
11658_5#17,2008.0,S,S,S,,S,S,S,S,S,S,S,S,14
11658_5#18,2008.0,S,S,S,,S,S,S,S,S,S,S,S,10
11658_7#11,2008.0,S,S,R,,R,S,S,S,S,S,S,S,404
11658_6#18,2008.0,S,S,S,,S,S,S,S,S,S,S,S,80
11658_4#7,2008.0,S,S,S,,S,S,S,S,S,S,S,S,131
11658_6#19,2008.0,S,S,R,,S,S,S,S,S,S,S,S,69
11791_6#3,2008.0,S,S,R,,S,S,S,S,S,S,R,S,69
11658_6#20,2008.0,S,S,S,,S,S,S,S,S,S,S,S,14
11658_5#19,2008.0,S,R,R,,R,S,R,R,S,R,R,R,131
11658_4#8,2008.0,S,S,R,,S,S,S,S,S,S,S,S,73
11658_8#32,2008.0,S,S,R,,S,S,S,S,S,S,R,S,405
11658_7#13,2008.0,S,S,R,,R,R,R,S,S,S,R,S,349
11658_4#9,2008.0,S,S,S,,S,S,S,S,S,S,S,S,2773
11657_6#3,2008.0,S,S,S,,S,S,S,S,S,S,S,S,73
11679_5#1,2008.0,S,S,R,,S,S,S,S,S,S,S,S,144
11658_5#20,2008.0,S,S,R,,S,S,S,S,S,S,S,S,73
11658_5#21,2008.0,S,S,S,,S,S,S,S,S,S,S,S,127
11658_5#22,2008.0,S,S,R,,R,S,S,S,S,S,R,R,393
11658_5#23,2008.0,S,S,R,,S,S,S,S,S,S,S,S,73
11658_8#33,2008.0,R,R,R,,S,S,R,R,S,S,S,S,963
11658_8#34,2008.0,S,S,S,,S,S,S,S,S,S,S,S,73
11657_6#4,2008.0,S,S,R,,S,S,S,S,S,S,R,R,1431
11658_5#25,2008.0,S,S,S,,S,S,S,S,S,S,S,S,144
11658_4#10,2008.0,S,S,S,,S,S,S,S,S,S,S,S,127
11658_6#21,2008.0,S,S,R,,S,S,S,S,S,S,S,S,404
11658_7#14,2008.0,S,R,R,,R,S,R,R,S,S,S,S,12
11658_5#26,2008.0,R,R,R,,R,S,R,R,S,R,R,R,131
11658_5#27,2008.0,S,S,R,,R,S,R,R,S,S,S,S,73
11791_6#4,2008.0,S,S,R,,S,S,S,S,S,S,R,S,95
11658_7#15,2009.0,S,S,R,,R,S,R,S,S,R,R,R,131
11791_6#5,2009.0,S,S,R,,R,S,S,S,S,S,S,S,104
11658_5#28,2009.0,S,R,R,,R,S,R,R,S,R,R,R,131
11791_7#16,2009.0,S,S,S,,S,S,S,S,S,S,S,S,101
11658_6#22,2009.0,R,R,R,,R,S,R,R,S,S,S,S,131
11658_4#11,2009.0,S,S,R,,R,S,S,S,S,S,R,S,69
11658_5#29,2009.0,S,S,R,,R,R,S,S,S,S,S,S,73
11658_4#12,2009.0,S,S,R,,R,S,S,S,S,S,R,S,69
11658_4#13,2009.0,S,R,R,,S,S,R,R,S,S,R,S,117
11658_6#23,2009.0,S,S,R,,R,S,S,S,S,S,S,S,69
11658_4#14,2009.0,S,S,S,,S,S,S,S,S,S,S,S,59
11658_5#30,2009.0,S,S,R,,R,S,S,R,S,S,S,S,95
11658_7#16,2009.0,R,S,R,,S,S,S,R,S,S,R,R,131
11658_8#35,2009.0,S,S,R,,R,S,S,S,S,S,R,S,73
11658_5#31,2009.0,S,S,S,,S,S,S,S,S,S,S,S,12
11791_7#17,2009.0,S,S,R,,R,R,S,S,S,S,R,S,10
11658_7#17,2009.0,S,S,S,,S,S,S,S,S,S,S,S,131
11791_7#18,2009.0,S,S,R,,R,S,S,S,S,S,S,S,95
11657_6#5,2009.0,S,S,S,,S,S,S,S,S,S,S,S,5663
11658_4#15,2009.0,S,S,S,,S,S,S,S,S,S,S,S,5484
11657_5#6,2009.0,S,S,R,,R,,R,R,S,R,R,R,73
11657_6#6,2009.0,S,S,R,,S,S,S,S,S,S,S,S,95
11658_5#32,2009.0,S,S,R,,S,S,S,S,S,S,S,S,131
11658_6#24,2009.0,S,S,R,,R,S,R,S,S,S,R,S,405
11658_7#18,2009.0,S,S,S,,S,S,S,S,S,S,S,S,95
11658_5#33,2009.0,S,S,R,,R,S,S,S,S,S,S,S,95
11657_5#7,2009.0,S,S,R,,S,S,S,S,S,S,S,R,131
11658_4#16,2009.0,S,S,R,,S,S,S,S,S,S,R,S,95
11791_6#6,2009.0,S,S,R,,R,S,S,S,S,S,R,S,5606
11791_7#19,2009.0,S,S,S,,S,S,S,S,S,S,S,S,73
11658_8#36,2009.0,S,S,R,,R,S,R,S,S,S,S,S,127
11658_5#34,2009.0,S,S,S,,S,S,S,S,S,S,R,S,144
11658_5#35,2009.0,S,S,S,,S,S,S,S,S,S,S,S,80
11658_6#25,2009.0,S,S,R,,R,S,R,R,S,S,S,S,73
11658_6#26,2009.0,S,S,S,,S,S,S,S,S,S,S,S,95
11658_7#19,2009.0,S,S,S,,S,S,S,S,S,S,S,S,73
11658_6#27,2009.0,S,S,S,,S,S,S,S,S,S,S,S,12
11658_8#37,2009.0,S,S,S,,S,S,S,S,S,S,S,S,390
11658_6#28,2009.0,S,S,R,,S,S,S,S,S,S,S,S,127
11658_4#17,2009.0,S,S,S,,S,S,S,S,S,S,S,S,62
11658_5#36,2009.0,S,S,R,,R,R,S,S,S,S,S,S,5253
11658_5#37,2009.0,S,S,S,,S,S,S,S,S,S,S,S,357
11658_8#38,2009.0,S,S,R,,R,S,S,S,S,S,R,S,73
11657_5#8,2009.0,S,S,R,,R,S,R,S,R,R,S,R,5387
11658_8#39,2009.0,S,S,R,,S,S,S,S,S,S,R,R,393
11658_6#29,2009.0,S,S,R,,S,R,S,S,S,S,S,S,625
11791_7#20,2009.0,S,S,S,,S,S,S,S,S,S,S,S,95
11658_5#38,2009.0,S,S,R,,R,S,R,R,S,S,R,R,393
11679_6#1,2009.0,S,S,R,,R,R,S,S,S,S,R,S,73
11658_4#18,2009.0,S,R,R,,R,S,R,R,S,R,R,R,131
11658_7#20,2009.0,S,S,S,,S,S,S,S,S,S,S,S,569
11658_6#30,2009.0,S,S,S,,S,S,S,S,S,S,S,S,428
11657_5#9,2009.0,S,S,S,,S,S,S,S,S,S,S,S,2067
11658_4#19,2009.0,S,S,R,,R,R,R,S,S,S,S,S,73
11658_7#21,2009.0,S,S,R,,S,S,S,S,S,S,S,S,80
11658_7#22,2009.0,S,S,S,,S,S,S,S,S,S,S,S,73
11791_6#7,2009.0,S,S,R,,R,S,R,S,S,R,R,R,131
11658_7#23,2009.0,S,S,R,,R,S,R,R,R,R,R,R,131
11791_7#21,2009.0,S,S,R,,S,S,S,S,S,S,S,S,131
11658_8#40,2009.0,S,S,S,,S,S,S,S,S,S,S,S,5430
11658_6#31,2009.0,S,S,S,,S,S,S,S,S,S,S,S,5629
11658_5#40,2009.0,S,S,S,,S,S,S,S,S,S,S,S,88
11658_5#41,2009.0,S,S,S,,S,S,S,S,S,S,R,R,131
11658_6#32,2009.0,S,S,S,,S,S,S,S,S,S,R,R,69
11791_7#22,2009.0,S,S,S,,S,S,S,S,S,S,S,S,73
11658_8#41,2009.0,S,S,S,,S,S,S,S,S,S,S,S,95
11658_8#42,2009.0,S,S,R,,S,S,S,S,S,S,R,S,372
11658_6#33,2009.0,S,S,S,,S,S,S,S,S,S,S,S,73
11658_7#24,2009.0,S,S,R,,S,S,S,S,S,S,R,S,117
11658_7#25,2009.0,S,S,S,,S,S,S,S,S,S,S,S,5576
11657_7#1,2009.0,S,S,S,,S,S,S,S,S,S,S,S,73
11658_6#34,2010.0,S,S,S,,S,S,S,S,S,S,S,S,131
11658_7#26,2010.0,S,R,R,,R,S,R,R,S,R,R,R,131
11658_5#42,2010.0,S,S,R,,S,S,S,S,S,S,S,S,131
11658_8#43,2010.0,S,S,S,,S,S,S,S,S,S,S,S,73
11657_5#10,2010.0,S,S,S,,S,S,S,S,S,S,S,S,223
11679_4#2,2010.0,S,S,S,,S,S,S,S,S,S,S,S,73
11657_6#7,2010.0,S,S,S,,S,S,S,S,S,S,S,S,131
11679_7#1,2010.0,S,S,S,,S,S,S,S,S,S,S,S,95
11658_3#2,2010.0,S,S,R,,R,S,R,R,S,S,R,S,1722
11658_3#3,2010.0,S,S,R,,S,S,S,S,S,S,R,S,69
11657_5#11,2010.0,S,S,R,,R,S,S,S,S,S,R,R,131
11657_6#8,2010.0,S,S,S,,S,S,S,S,S,S,S,S,1618
11791_6#9,2010.0,S,S,S,,S,S,S,S,S,S,S,R,131
11657_5#12,2010.0,S,S,S,,S,S,S,S,S,S,S,S,73
11679_4#3,2010.0,S,S,S,,S,S,S,S,S,S,S,S,73
11657_6#9,2010.0,S,S,S,,S,S,S,S,S,S,S,S,357
11657_5#13,2010.0,S,S,R,,R,S,S,S,S,S,S,R,131
11657_6#10,2010.0,S,S,S,,S,S,S,S,S,S,S,S,144
11679_6#2,2010.0,S,S,S,,S,S,S,S,S,S,S,S,2967
11679_6#3,2010.0,S,S,S,,S,S,S,S,S,S,S,S,421
11679_5#2,2010.0,S,S,R,,R,S,R,S,S,S,R,R,131
11657_7#2,2010.0,S,S,R,,R,R,S,S,S,S,S,S,95
11658_3#4,2010.0,S,S,S,,S,S,S,S,S,S,S,R,131
11657_7#3,2010.0,S,S,S,,S,S,S,S,S,S,S,S,5308
11658_3#5,2010.0,S,S,R,,R,S,S,S,S,S,R,S,73
11657_6#11,2010.0,S,S,R,,R,S,R,R,R,R,R,S,131
11679_6#4,2010.0,S,S,S,,S,S,S,S,S,S,R,R,69
11679_8#1,2010.0,S,S,S,,S,S,S,S,S,S,S,S,131
11657_7#4,2010.0,S,S,R,,S,S,S,S,S,S,S,S,73
11657_7#5,2010.0,S,S,R,,R,S,S,S,S,S,R,S,38
11679_6#5,2010.0,S,S,R,,R,S,R,R,S,S,S,S,753
11657_6#12,2010.0,S,S,R,,S,S,S,S,S,S,R,S,10
11657_7#6,2010.0,S,S,S,,S,S,S,S,S,S,S,S,127
11679_4#4,2010.0,S,S,R,,S,S,S,S,S,S,S,R,131
11657_6#13,2010.0,S,S,R,,S,S,S,S,S,S,S,S,73
11679_7#2,2010.0,S,S,S,,S,S,S,S,S,S,S,S,420
11657_7#7,2010.0,S,S,R,,S,S,S,S,S,S,R,S,131
11657_7#8,2010.0,S,S,R,,S,S,S,S,S,S,S,S,5678
11679_4#5,2010.0,S,S,R,,S,S,S,S,S,S,R,R,95
11679_5#3,2010.0,S,S,S,,S,S,S,S,S,S,S,S,95
11657_6#14,2010.0,S,S,R,,R,R,S,S,R,S,R,R,131
11657_7#9,2010.0,S,S,R,,S,S,S,S,S,S,S,R,453
11657_5#14,2010.0,S,S,R,,S,S,S,S,S,S,R,S,69
11657_7#10,2010.0,S,S,R,,S,S,S,S,S,S,S,S,46
11657_6#15,2010.0,S,S,R,,S,S,S,S,S,S,S,S,357
11657_7#11,2010.0,S,S,R,,S,S,S,S,S,S,S,S,73
11657_7#12,2010.0,S,R,R,,R,S,R,R,R,R,R,R,131
11657_6#16,2010.0,S,S,R,,R,S,S,S,S,S,S,R,131
11679_4#6,2010.0,S,S,R,,S,S,S,S,S,S,S,S,141
11657_7#13,2010.0,S,S,S,,S,S,S,S,S,S,S,S,59
11679_8#2,2010.0,S,S,R,,S,S,S,S,S,S,S,S,69
11679_4#7,2010.0,S,S,S,,S,S,S,S,S,S,S,S,73
11658_3#6,2010.0,S,S,S,,S,S,S,S,S,S,S,S,442
11679_7#4,2010.0,S,S,R,,R,S,R,R,S,S,S,S,5328
11657_7#14,2010.0,S,S,S,,S,S,S,S,S,S,S,S,646
11657_7#15,2011.0,S,S,S,,S,S,S,S,S,S,S,S,550
11658_3#7,2011.0,S,S,S,,S,S,S,S,S,S,S,S,59
11679_8#3,2011.0,S,S,R,,R,S,R,R,S,S,S,S,538
11657_5#15,2011.0,S,S,S,,S,S,S,S,S,S,S,S,95
11679_7#5,2011.0,S,R,R,,R,S,R,R,S,R,R,R,131
11658_3#8,2011.0,S,S,S,,S,S,S,S,S,S,S,S,131
11657_7#16,2011.0,S,S,R,,S,S,S,S,S,S,S,S,95
11679_5#4,2011.0,S,S,R,,S,S,S,S,R,R,R,R,69
11679_7#6,2011.0,S,S,S,,S,S,S,S,S,S,S,S,95
11657_6#17,2011.0,S,S,S,,S,S,S,S,S,S,S,S,127
11679_8#4,2011.0,S,S,S,,S,S,S,S,S,S,S,S,5585
11658_3#9,2011.0,S,S,R,,S,S,S,S,S,S,R,S,69
11657_5#16,2011.0,S,S,R,,R,S,R,S,R,R,R,R,361
11658_3#10,2011.0,S,S,S,,S,S,R,S,S,S,S,S,357
11679_8#5,2011.0,S,S,S,,S,S,S,S,S,S,S,S,963
11679_4#8,2011.0,R,R,R,,R,R,R,R,S,R,R,R,131
11657_6#18,2011.0,S,S,R,,S,S,S,S,S,S,S,S,550
11679_5#5,2011.0,S,S,R,,R,S,S,S,S,S,S,S,73
11679_4#9,2011.0,S,S,R,,S,S,S,S,S,S,S,S,73
11657_7#17,2011.0,S,S,R,,S,S,S,S,S,S,S,S,73
11679_6#7,2011.0,S,S,R,,R,S,S,S,R,R,R,S,131
11657_6#19,2011.0,S,S,R,,R,S,S,S,S,S,S,S,73
11679_6#8,2011.0,S,S,R,,R,S,S,S,S,S,R,S,12
11679_6#9,2011.0,S,S,R,,S,S,S,S,S,S,R,S,69
11658_3#11,2011.0,S,S,R,,R,S,S,S,S,S,S,S,10
11658_3#12,2011.0,S,S,S,,S,S,S,S,S,S,S,S,976
11679_8#6,2011.0,S,S,R,,S,S,S,S,R,R,S,R,131
11679_7#8,2011.0,S,S,R,,S,S,S,S,S,S,R,R,131
11679_4#10,2011.0,S,S,R,,R,S,S,S,S,S,R,S,10
11679_6#10,2011.0,S,S,R,,S,S,S,S,S,S,R,S,69
11679_7#9,2011.0,S,S,R,,R,S,S,S,S,S,R,S,38
11679_6#11,2011.0,S,R,R,,S,S,R,R,S,S,S,S,4702
11657_7#18,2011.0,S,S,S,,S,S,S,S,S,S,S,S,28
11657_5#17,2011.0,S,S,S,,S,S,S,S,S,S,S,S,14
11657_5#18,2011.0,S,S,S,,S,S,S,S,S,S,S,S,428
11657_6#20,2011.0,R,R,R,,R,S,R,R,R,R,R,R,44
11657_7#19,2011.0,S,S,R,,S,S,S,S,S,S,S,S,93
11791_6#10,2011.0,S,S,R,,R,S,S,S,S,S,S,S,73
11679_4#11,2011.0,S,S,R,,S,S,S,S,S,S,R,S,95
11657_5#19,2011.0,S,S,S,,S,S,S,S,S,S,S,S,73
11657_6#21,2011.0,S,S,S,,S,S,S,S,S,S,S,S,95
11658_6#35,2010.0,S,S,S,,S,S,S,S,S,S,R,S,14
11658_6#36,2010.0,S,S,R,,R,R,S,S,S,S,R,S,540
11658_3#13,2010.0,S,S,R,,R,S,R,R,R,R,R,R,648
11658_4#20,2010.0,S,S,S,,S,S,S,S,S,S,S,S,95
11658_6#37,2010.0,S,S,S,,S,S,S,S,S,S,S,S,5351
11658_7#27,2010.0,S,S,R,,R,R,S,S,S,S,S,S,95
11679_4#12,2010.0,S,S,S,,S,S,S,S,S,S,S,S,73
11657_5#20,2010.0,S,S,R,,S,S,S,S,S,S,S,S,38
11679_6#12,2011.0,S,S,R,,R,S,S,S,S,S,R,S,1979
11658_5#43,2011.0,S,S,R,,R,S,S,S,S,S,S,S,998
11658_6#38,2011.0,S,S,R,,S,S,S,S,S,S,S,S,428
11658_5#44,2011.0,S,R,R,,R,S,R,R,R,R,S,R,131
11658_6#39,2011.0,S,S,R,,S,S,S,S,S,S,R,R,5640
11658_8#44,2011.0,S,S,S,,S,S,S,S,S,S,S,S,567
11658_7#28,2011.0,S,S,S,,S,S,S,S,S,S,S,S,5589
11679_8#7,2011.0,S,S,R,,S,S,S,S,S,S,R,R,95
11658_8#45,2011.0,S,S,R,,R,R,S,R,S,S,R,S,5593
11791_7#23,2011.0,S,S,R,,S,S,S,S,S,S,R,S,95
11658_5#45,2011.0,S,S,R,,R,S,S,S,S,S,R,R,1431
11658_5#46,2011.0,S,S,S,,S,S,S,S,S,S,S,S,12
11658_5#47,2011.0,S,S,S,,S,S,S,S,S,S,S,S,390
11658_8#46,2011.0,S,S,R,,R,S,S,S,S,S,S,S,95
11658_7#29,2011.0,S,S,R,,R,S,S,S,S,S,R,S,95
11658_8#47,2011.0,S,S,R,,S,S,S,S,S,S,S,S,95
11658_8#48,2011.0,S,S,S,,S,S,S,S,S,S,S,S,95
11658_8#49,2011.0,S,S,S,,S,S,S,S,S,S,S,S,569
11658_6#40,2011.0,S,S,S,,S,S,S,S,S,S,S,S,95
11658_6#41,2011.0,S,R,R,,S,S,R,R,S,S,S,R,131
11658_8#50,2011.0,S,S,R,,S,S,S,S,S,S,R,S,38
11658_6#42,2011.0,S,S,R,,R,S,S,S,S,S,S,S,69
11791_7#24,2012.0,S,S,S,,S,S,S,S,S,S,S,S,95
11658_8#51,2012.0,S,S,S,,S,S,S,S,S,S,S,S,405
11791_7#25,2012.0,S,S,S,,S,S,S,S,S,S,S,S,73
11658_6#43,2012.0,,,,,,,,,,,,,131
11679_6#13,2012.0,S,S,S,,S,S,S,S,S,S,S,S,357
11791_7#26,2012.0,S,S,R,,S,S,S,S,S,S,R,S,38
11658_6#44,2012.0,S,S,R,,S,S,S,S,S,S,R,S,5389
11791_7#27,2012.0,S,S,R,,S,S,R,R,S,S,S,S,547
11658_6#45,2012.0,S,S,R,,S,S,S,S,S,S,S,S,12
11791_7#28,2012.0,S,S,R,,R,R,S,R,S,S,S,S,73
11791_7#29,2012.0,S,S,R,,S,S,S,S,S,S,S,R,773
11791_7#30,2012.0,S,S,R,,S,S,S,S,S,S,R,S,58
11658_5#49,2012.0,S,S,R,,S,S,S,S,S,S,S,S,5520
11791_7#32,2012.0,S,S,R,,S,S,S,S,S,S,R,S,127
11658_8#52,2012.0,S,S,R,,R,R,S,S,S,S,S,S,38
11658_6#47,2012.0,S,S,R,,R,S,S,S,S,S,R,S,69
11658_8#53,2012.0,S,S,R,,S,S,S,S,S,S,R,S,14
11791_7#33,2012.0,S,S,S,,S,S,S,S,S,S,S,S,95
11658_7#30,2012.0,S,R,R,,R,S,R,R,R,R,R,R,131
11658_5#50,2012.0,S,S,R,,S,S,S,S,S,S,R,S,5494
11658_5#51,2012.0,S,S,R,,S,S,S,S,S,S,S,S,127
11658_6#48,2012.0,S,S,R,,S,S,S,S,S,S,S,S,59
11658_4#21,2012.0,S,S,R,,R,S,S,S,S,S,R,S,58
11791_7#34,2012.0,S,S,R,,R,R,S,R,S,S,S,S,73
11657_5#21,2012.0,S,S,S,,S,S,S,S,S,S,S,S,2526
11791_3#1,2012.0,S,S,R,,R,,S,R,S,S,S,R,12
11658_4#22,2012.0,S,S,S,,S,S,S,S,S,S,S,S,131
11658_5#52,2012.0,S,S,S,,S,S,S,R,S,S,S,S,973
11658_6#49,2012.0,S,R,R,,R,S,R,R,S,S,R,S,38
11658_7#31,2012.0,S,S,R,,S,S,S,S,S,S,R,R,393
11658_8#54,2012.0,S,S,R,,S,S,S,S,R,R,R,S,95
11791_7#35,2012.0,S,S,R,,S,S,S,S,S,S,R,R,95
11658_8#55,2012.0,R,R,R,,R,S,R,R,S,R,R,R,131
11658_6#50,2012.0,S,S,S,,S,S,S,S,S,S,R,S,73
11658_4#23,2012.0,S,S,R,,R,,S,S,S,S,S,R,448
11679_5#6,2012.0,S,S,R,,R,S,S,S,S,S,R,S,998
11791_3#2,2012.0,S,S,R,,S,S,S,S,S,S,R,S,69
11658_5#53,2012.0,S,S,S,,S,S,S,S,S,S,S,S,131
11658_6#52,2012.0,S,S,R,,S,S,S,S,S,S,R,S,58
11658_5#54,2012.0,S,S,S,,S,S,S,S,S,S,S,S,91
11658_5#55,2012.0,S,S,S,,S,S,S,S,S,S,S,S,127
11658_6#53,2012.0,S,S,R,,S,S,S,S,R,R,S,S,131
11658_5#56,2011.0,S,S,S,,S,S,S,S,S,S,S,S,69
11679_8#8,2012.0,S,S,S,,S,S,S,S,S,S,S,S,127
11658_7#32,2012.0,S,S,R,,S,S,S,S,S,S,S,S,155
11658_6#54,2012.0,S,S,R,,R,S,S,S,S,S,S,S,73
11658_7#33,2012.0,S,R,R,,R,S,R,R,S,R,R,R,131
11658_5#57,2012.0,S,S,R,,R,S,S,S,S,S,S,S,131
11791_7#36,2012.0,S,S,R,,S,S,S,S,S,S,S,S,69
11658_7#34,2012.0,S,S,R,,S,S,S,S,S,S,R,S,69
11658_7#35,2012.0,S,R,R,,S,S,R,R,S,S,R,R,73
11658_6#55,2012.0,S,S,R,,R,S,S,S,S,S,S,S,12
11658_6#56,2012.0,S,S,R,,S,S,S,S,S,S,S,S,95
11658_7#36,2012.0,S,S,S,,S,S,S,S,S,S,S,S,73
11679_5#7,2012.0,S,S,S,,S,S,S,S,S,S,S,S,1170
11679_4#13,2012.0,S,S,R,,S,S,S,S,S,S,R,S,38
11679_8#9,2012.0,S,S,R,,R,S,R,R,S,S,S,S,95
11679_6#14,2012.0,S,S,R,,S,S,S,S,R,R,R,R,1193
11679_7#10,2012.0,S,S,S,,S,S,S,S,S,S,S,S,357
11679_5#8,2012.0,S,S,S,,S,S,S,S,S,S,S,S,2802
11657_5#22,2012.0,S,S,S,,S,S,R,S,S,S,S,R,131
11657_5#23,2012.0,S,S,S,,S,S,S,S,S,S,S,S,550
11679_4#14,2012.0,S,S,S,,S,S,S,S,S,S,S,S,550
11657_7#20,2012.0,S,S,R,,S,S,R,S,S,S,S,S,73
11679_4#15,2012.0,S,S,S,,S,S,S,S,S,S,S,S,95
11679_6#15,2012.0,S,S,R,,R,S,S,R,S,S,R,S,23
11658_4#24,2012.0,S,S,S,,S,S,S,S,S,S,S,S,95
11679_5#9,2012.0,S,S,S,,S,S,S,S,S,S,S,S,95
11658_4#25,2012.0,S,S,R,,R,S,S,S,S,S,S,S,95
11657_7#21,2012.0,S,S,R,,R,R,S,S,S,R,R,R,131
11791_3#3,2012.0,S,S,R,,S,S,S,S,S,S,S,S,457
11657_6#22,2012.0,S,S,S,,S,S,S,S,S,S,S,S,95
11657_7#22,2012.0,S,R,R,,S,S,R,R,S,S,R,R,131
11658_3#14,2012.0,S,S,S,,S,S,S,S,S,S,S,S,10
11679_7#11,2012.0,S,S,R,,R,S,S,S,S,S,S,S,73
11679_5#10,2012.0,S,S,S,,S,S,S,S,S,S,S,S,129
11657_7#23,2012.0,S,R,R,,R,S,R,R,S,R,R,R,131
11679_7#12,2012.0,S,S,S,,S,S,S,S,S,S,R,S,131
11657_6#23,2012.0,S,S,R,,S,S,S,S,S,S,R,S,131
11657_6#24,2012.0,S,S,R,,R,S,S,S,S,S,S,S,73
11679_8#10,2012.0,S,S,S,,S,S,S,S,S,S,S,S,73
11679_4#16,2012.0,S,S,R,,S,S,S,S,S,S,S,S,73
11679_5#11,2012.0,S,S,R,,S,S,S,S,S,S,S,S,73
11679_5#12,2012.0,S,S,R,,R,R,S,S,S,S,R,S,131
11657_5#24,2012.0,R,R,R,,R,S,R,R,R,R,R,R,131
11679_8#11,2012.0,R,R,R,,S,S,R,R,S,S,R,R,131
11791_3#4,2012.0,S,S,S,,S,S,S,S,S,S,S,S,5364
11657_7#24,2012.0,S,S,S,,S,S,S,S,S,S,S,S,357
11679_7#13,2012.0,S,S,R,,S,S,S,S,S,S,S,S,144
11679_5#13,2012.0,S,S,R,,S,S,S,S,S,S,S,S,12
11791_3#5,2012.0,S,S,S,,S,S,S,S,S,S,S,S,12
11658_7#39,2001.0,S,,,S,S,S,S,,S,,,S,421
11679_6#18,2001.0,S,,,S,S,S,S,,S,,,S,73
11679_5#14,2001.0,S,,,R,R,S,S,,S,,,S,127
11658_3#19,2001.0,S,,,R,S,S,S,,S,,,S,5346
11657_7#25,2001.0,S,,,R,R,S,S,,S,,,S,73
11657_7#26,2001.0,S,,,S,S,S,S,,S,,,S,73
11679_6#19,2001.0,S,,,S,S,S,S,,S,,,S,967
11679_7#14,2001.0,S,,,R,S,S,S,,S,,,S,405
11657_6#26,2001.0,S,,,R,S,S,S,,S,,,S,73
11658_3#20,2001.0,S,,,S,S,S,S,,S,,,S,95
11658_3#21,2001.0,S,,,S,S,S,S,,S,,,S,14
11679_8#12,2001.0,S,,,S,S,S,S,,S,,,S,12
11657_6#27,2001.0,S,,,R,R,S,S,,S,,,S,14
11679_7#15,2001.0,S,,,R,S,S,S,,S,,,S,14
11679_8#13,2001.0,S,,,S,S,S,S,,S,,,S,681
11658_4#26,2001.0,S,,,R,S,S,S,,S,,,R,155
11679_7#16,2001.0,S,,,S,S,S,S,,S,,,S,95
11679_8#14,2001.0,S,,,S,S,S,S,,S,,,S,95
11657_6#28,2001.0,S,,,S,S,S,S,,S,,,S,73
11657_7#27,2001.0,S,,,R,R,S,R,,S,,,R,405
11657_6#29,2001.0,S,,,S,S,S,S,,S,,,S,144
11679_6#20,2001.0,S,,,S,S,S,S,,S,,,S,12
11679_4#17,2001.0,S,,,S,S,S,S,,S,,,S,126
11679_7#17,2001.0,S,,,S,S,S,S,,S,,,S,144
11679_4#18,2001.0,S,,,S,S,S,S,,S,,,S,550
11679_4#19,2001.0,S,,,R,S,S,S,,S,,,S,372
11679_6#21,2001.0,S,,,S,S,S,R,,R,,,R,68
11657_5#25,2001.0,S,,,R,S,S,S,,S,,,S,80
11657_6#30,2001.0,S,,,R,S,S,S,,S,,,S,73
11658_3#22,2001.0,S,,,R,S,S,S,,S,,,S,10
11657_5#26,2001.0,S,,,S,S,S,R,,S,,,S,73
11657_7#28,2001.0,S,,,S,S,S,S,,S,,,S,95
11679_4#20,2001.0,S,,,R,R,S,R,,S,,,R,405
11679_7#18,2001.0,S,,,R,S,S,S,,S,,,S,1257
11658_4#27,2001.0,S,,,R,S,S,S,,S,,,S,10
11658_3#23,2001.0,S,,,S,S,S,S,,S,,,S,91
11679_4#21,2001.0,S,,,R,R,S,S,,S,,,S,79
11658_3#24,2001.0,S,,,R,R,S,S,,R,,,R,410
11791_3#6,2001.0,S,,,R,R,S,S,,R,,,R,410
11679_7#19,2001.0,S,,,R,S,S,S,,S,,,S,127
11679_5#15,2001.0,S,,,S,S,S,S,,R,,,R,73
11679_5#16,2001.0,S,,,R,S,S,R,,S,,,S,10
11657_7#29,2001.0,S,,,R,R,S,R,,S,,,S,372
11657_5#27,2001.0,S,,,R,S,S,S,,S,,,S,73
11657_7#30,2010.0,S,S,R,,S,S,S,S,S,S,S,S,144
11658_8#56,2011.0,S,S,R,,S,S,S,S,S,S,R,S,12
11658_7#40,2011.0,S,S,S,,S,S,S,S,S,S,S,S,1494
11658_4#28,2012.0,S,S,R,,R,S,S,S,S,S,R,S,10
11657_5#28,2012.0,S,S,R,,S,S,S,S,S,S,S,S,5432
11658_6#57,2012.0,S,S,S,,S,S,S,S,S,S,S,S,73
11791_6#11,2012.0,S,S,S,,S,S,S,S,S,S,S,S,131
11679_7#20,2012.0,S,S,S,,S,S,S,S,S,S,R,R,624
11658_8#57,2012.0,S,S,R,,S,S,S,S,S,S,R,S,69
11658_7#41,2001.0,S,,,R,S,S,S,,S,,,S,10
11658_7#42,2001.0,S,,,R,S,S,R,,S,,,S,95
11658_5#58,2001.0,S,,,S,S,S,S,,S,,,S,357
11658_4#29,2001.0,S,,,R,S,S,S,,S,,,S,73
11658_7#43,2001.0,S,,,R,S,S,R,,S,,,S,1288
11657_7#31,2001.0,S,,,S,S,S,S,,S,,,S,1670
11791_7#37,2001.0,S,,,S,S,S,S,,R,,,S,297
11658_5#59,2001.0,S,,,R,S,S,S,,S,,,S,144
11791_7#38,2001.0,S,,,S,S,S,S,,S,,,S,95
11658_6#58,2001.0,S,,,S,S,S,S,,S,,,S,345
11658_5#60,2001.0,S,,,S,S,S,R,,S,,,S,5417
11657_5#29,2001.0,S,,,R,S,S,S,,R,,,S,404
11657_5#30,2001.0,S,,,R,R,S,S,,S,,,S,12
11657_7#32,2001.0,S,,,R,S,S,S,,S,,,S,80
11791_7#39,2001.0,S,,,R,S,S,S,,S,,,S,10
11658_5#61,2001.0,S,,,R,S,S,S,,S,,,S,1531
11658_4#30,2001.0,S,,,R,R,S,S,,S,,,S,393
11658_6#59,2001.0,S,,,R,S,S,S,,S,,,S,12
11658_4#31,2001.0,S,,,S,S,S,S,,S,,,S,73
11658_7#44,2001.0,S,,,R,R,S,S,,S,,,S,636
11658_4#32,2001.0,S,,,R,S,S,S,,S,,,S,404
11679_8#15,2001.0,S,,,R,S,S,S,,S,,,S,641
11658_7#45,2001.0,S,,,R,R,S,S,,S,,,S,117
11791_7#40,2001.0,S,,,S,S,S,S,,S,,,S,73
11791_7#41,2001.0,S,,,S,S,S,S,,S,,,S,73
11658_8#58,2001.0,S,,,S,S,S,S,,S,,,S,91
11658_6#60,2001.0,S,,,S,S,S,S,,S,,,S,12
11658_4#33,2001.0,S,,,R,S,S,S,,S,,,S,767
11791_7#42,2002.0,S,S,,R,R,S,R,,S,,,S,5082
11658_4#34,2002.0,S,S,,S,S,S,S,,S,,,S,95
11791_3#7,2002.0,S,S,,S,S,S,S,,S,,,S,73
11658_7#46,2002.0,S,S,,S,S,S,S,,S,,,S,12
11658_6#61,2002.0,S,S,,S,S,S,S,,S,,,S,393
11658_7#47,2002.0,S,S,,R,R,R,S,,S,,,S,73
11657_5#31,2002.0,S,S,,R,S,S,R,,S,,,S,12
11658_6#62,2002.0,S,S,,S,S,S,S,,S,,,S,73
11658_7#48,2002.0,S,S,,S,S,S,S,,S,,,S,95
11657_5#32,2002.0,S,S,,R,S,S,S,,R,,,R,5476
11679_8#16,2002.0,S,S,,R,S,S,S,,S,,,S,95
11658_4#35,2002.0,S,S,,R,R,S,S,,S,,,R,393
11657_5#33,2002.0,S,S,,S,S,S,S,,S,,,S,10
11658_8#59,2002.0,S,S,,S,S,S,S,,S,,,S,73
11657_6#31,2002.0,S,S,,S,S,S,S,,R,,,R,354
11658_4#36,2002.0,S,S,,S,S,S,S,,S,,,S,73
11791_6#12,2002.0,S,S,,R,R,S,S,,S,,,S,363
11791_3#8,2002.0,S,S,,S,S,S,S,,S,,,S,95
11657_5#34,2002.0,S,S,,R,R,S,S,,S,,,R,641
11658_5#62,2002.0,S,S,,S,S,S,S,,S,,,S,12
11657_5#35,2002.0,S,S,,R,S,S,S,,S,,,S,106
11658_5#63,2002.0,S,S,,R,R,S,S,,S,,,S,711
11658_4#37,2002.0,S,S,,R,S,S,S,,S,,,S,95
11791_6#13,2002.0,S,S,,R,S,S,S,,S,,,S,12
11791_6#14,2002.0,S,S,,R,R,S,R,,S,,,R,405
11679_4#22,2002.0,S,S,,R,R,S,S,,S,,,S,88
11679_8#17,2002.0,S,S,,S,S,S,S,,S,,,S,12
11658_5#64,2002.0,S,S,,S,S,S,S,,S,,,S,399
11791_3#9,2002.0,S,S,,S,S,S,S,,S,,,S,5519
11658_7#49,2002.0,S,S,,S,S,S,S,,S,,,S,95
11657_6#32,2002.0,S,S,,S,R,R,S,,S,,,S,550
11679_8#18,2002.0,S,S,,S,S,S,S,,S,,,S,73
11679_5#17,2002.0,S,S,,R,R,R,R,,S,,,S,73
11679_4#23,2002.0,S,S,,R,R,R,S,,S,,,R,393
11791_6#15,2002.0,S,S,,S,S,S,S,,S,,,S,73
11657_7#33,2002.0,S,S,,R,S,S,S,,S,,,S,73
11791_3#10,2002.0,S,S,,S,S,S,S,,S,,,S,357
11658_4#38,2002.0,S,S,,R,R,S,S,,S,,,S,127
11657_5#36,2002.0,S,S,,S,S,S,S,,S,,,S,452
11657_5#37,2002.0,S,S,,S,S,S,S,,S,,,S,5461
11679_6#22,2002.0,S,S,,R,S,S,S,,S,,,S,73
11657_7#34,2002.0,S,S,,S,S,S,S,,S,,,S,5363
11791_6#16,2002.0,S,S,,S,S,S,S,,S,,,S,59
11791_3#11,2002.0,S,S,,S,S,S,S,,S,,,S,91
11658_5#65,2002.0,S,S,,S,S,S,S,,S,,,S,372
11679_8#19,2002.0,S,S,,S,S,S,S,,S,,,S,963
11657_5#38,2002.0,S,S,,R,S,S,S,,S,,,S,59
11679_4#24,2002.0,S,S,,S,S,S,S,,S,,,S,59
11679_6#23,2002.0,S,S,,R,S,S,S,,S,,,S,73
11658_4#39,2002.0,S,S,,R,S,S,S,,S,,,S,14
11658_7#50,2002.0,S,S,,R,R,S,S,,S,,,S,73
11658_6#63,2002.0,S,S,,R,R,S,S,,S,,,S,5630
11658_7#51,2002.0,S,S,,R,S,S,S,,S,,,S,366
11791_7#44,2002.0,S,S,,R,S,S,S,,S,,,S,73
11657_6#33,2002.0,S,S,,R,S,S,S,,S,,,S,59
11679_8#20,2002.0,S,S,,R,S,S,S,,S,,,S,83
11679_5#18,2002.0,S,S,,R,R,S,S,,S,,,S,73
11657_6#34,2002.0,S,S,,R,R,S,S,,S,,,S,38
11679_4#25,2002.0,S,S,,R,R,S,S,,S,,,S,73
11679_8#21,2002.0,S,S,,R,S,S,S,,S,,,S,73
11657_6#35,2002.0,S,S,,R,S,S,S,,S,,,S,79
11679_6#24,2002.0,S,S,,R,S,S,S,,S,,,S,618
11679_6#25,2002.0,S,S,,R,S,S,S,,S,,,S,88
11658_3#25,2002.0,S,S,,R,R,S,S,,S,,,S,117
11679_7#21,2002.0,S,S,,R,R,S,S,,S,,,S,73
11791_3#12,2002.0,S,S,,S,S,S,S,,S,,,S,73
11658_3#26,2002.0,S,S,,R,S,S,S,,S,,,S,73
11791_3#13,2002.0,S,S,,R,S,S,S,,S,,,S,58
11679_6#26,2002.0,S,S,,S,S,S,S,,S,,,S,95
11679_5#19,2002.0,S,S,,R,S,S,S,,S,,,S,73
11658_3#27,2002.0,S,S,,R,R,S,S,,R,,,S,73
11679_8#22,2002.0,S,S,,R,S,S,S,,S,,,S,420
11679_5#20,2002.0,S,S,,S,S,S,S,,S,,,S,141
11791_3#14,2002.0,S,S,,R,S,S,S,,S,,,S,88
11679_7#22,2002.0,S,S,,R,R,S,S,,S,,,S,73
11679_5#21,2002.0,R,R,,R,R,S,R,,S,,,S,12
11658_3#28,2002.0,S,S,,R,S,S,S,,S,,,S,38
11658_4#40,2002.0,S,S,,S,S,S,S,,S,,,S,73
11791_6#17,2002.0,S,S,,S,S,S,S,,S,,,S,141
11791_3#15,2002.0,S,S,,S,S,S,S,,S,,,S,1001
11791_3#16,2002.0,S,S,,S,S,S,R,,S,,,S,106
11679_8#23,2002.0,S,S,,S,S,S,S,,S,,,S,1155
11679_5#22,2002.0,S,S,,R,S,S,S,,S,,,S,59
11679_5#23,2002.0,S,S,,R,S,S,S,,S,,,S,59
11791_3#17,2002.0,S,S,,R,S,S,S,,S,,,S,420
11679_8#24,2002.0,S,S,,S,S,S,S,,S,,,S,127
11679_8#25,2002.0,S,S,,S,S,S,S,,S,,,S,141
11679_7#23,2002.0,S,S,,S,S,S,S,,S,,,S,691
11679_7#24,2002.0,S,S,,R,S,S,S,,R,,,R,405
11657_6#36,2003.0,S,S,,S,S,S,S,,S,,,S,95
11679_8#26,2003.0,S,S,,R,S,S,S,,S,,,S,369
11658_3#29,2003.0,S,S,,R,R,S,S,,S,,,S,73
11679_8#27,2003.0,S,S,,R,S,S,S,,S,,,S,12
11679_6#27,2003.0,S,S,,R,S,S,S,,S,,,S,95
11791_3#18,2003.0,S,S,,R,S,S,S,,S,,,S,141
11679_8#28,2003.0,S,S,,R,S,S,S,,S,,,S,10
11791_3#19,2003.0,S,S,,R,S,S,S,,S,,,S,69
11679_8#29,2003.0,S,S,,S,S,S,S,,S,,,S,48
11658_3#30,2003.0,S,S,,S,S,S,S,,S,,,S,95
11791_3#20,2003.0,S,S,,R,R,S,S,,S,,,S,12
11679_4#26,2003.0,S,S,,S,S,S,S,,S,,,S,73
11679_6#28,2003.0,S,S,,R,R,S,S,,S,,,S,73
11791_3#21,2003.0,S,S,,R,R,R,R,,S,,,S,73
11791_3#22,2003.0,S,S,,R,R,S,S,,S,,,S,62
11791_3#23,2003.0,S,S,,R,S,S,S,,S,,,S,62
11657_7#35,2003.0,S,S,,S,S,S,S,,S,,,S,10
11679_6#29,2003.0,S,S,,S,S,S,S,,S,,,S,95
11679_8#30,2003.0,S,S,,S,S,S,S,,S,,,S,537
11679_5#24,2003.0,S,S,,S,S,S,S,,S,,,S,62
11679_7#26,2003.0,S,S,,R,R,S,S,,S,,,S,131
11679_8#31,2003.0,S,S,,R,S,S,S,,S,,,S,363
11791_3#24,2003.0,S,S,,R,R,R,S,,S,,,S,73
11791_3#25,2003.0,S,S,,R,S,S,S,,S,,,S,4260
11657_7#36,2003.0,S,S,,S,S,S,S,,S,,,S,62
11791_3#26,2003.0,S,S,,R,R,R,R,,S,,,S,131
11791_6#18,2003.0,S,S,,R,S,S,S,,R,,,S,2253
11679_6#30,2003.0,S,S,,R,S,S,S,,S,,,S,131
11679_6#31,2003.0,S,S,,R,S,S,S,,S,,,S,2494
11791_3#27,2003.0,S,S,,S,S,S,S,,S,,,S,80
11657_6#37,2003.0,S,S,,R,S,S,R,,S,,,R,131
11679_4#27,2003.0,S,S,,R,R,S,S,,S,,,R,1394
11679_8#32,2003.0,S,S,,R,S,S,S,,S,,,S,144
11791_3#28,2003.0,S,S,,R,R,R,S,,S,,,S,369
11658_3#31,2003.0,S,S,,R,R,R,S,,S,,,S,131
11679_6#32,2003.0,S,S,,S,S,S,S,,S,,,S,73
11679_5#25,2003.0,S,S,,S,S,S,S,,S,,,S,80
11679_6#33,2003.0,S,S,,R,R,S,S,,S,,,S,491
11791_3#29,2003.0,S,S,,R,R,S,S,,S,,,S,491
11657_6#38,2003.0,S,S,,S,S,S,S,,S,,,S,73
11679_5#26,2003.0,S,S,,S,S,S,S,,S,,,S,73
11791_3#30,2003.0,S,S,,R,S,S,S,,S,,,S,12
11679_5#27,2003.0,S,S,,R,S,S,S,,S,,,S,12
11679_6#34,2003.0,S,S,,R,S,S,S,,S,,,S,73
11657_6#39,2003.0,S,S,,S,S,S,S,,S,,,S,5552
11791_3#31,2003.0,S,S,,S,S,S,S,,S,,,S,127
11657_5#39,2003.0,S,S,,S,S,S,S,,S,,,S,685
11679_7#27,2002.0,S,S,,S,S,S,R,,S,,,S,141
11679_8#33,2002.0,R,R,,R,R,S,R,,S,,,S,2230
11657_5#40,2003.0,R,R,,R,R,R,R,,R,,,R,167
11657_5#41,2003.0,S,S,,S,S,S,R,,S,,,S,95
11679_6#35,2003.0,S,S,,S,S,S,S,,S,,,S,405
11658_4#41,2003.0,S,S,,S,S,S,S,,S,,,S,73
11657_7#37,2003.0,S,S,,R,S,S,S,,S,,,S,12
11657_6#40,2003.0,S,S,,R,S,S,S,,S,,,S,405
11791_3#32,2003.0,S,S,,R,S,S,S,,S,,,R,131
11657_5#42,2003.0,S,S,,R,R,R,S,,S,,,S,58
11679_8#34,2003.0,S,S,,S,S,S,S,,S,,,S,1810
11657_7#38,2003.0,S,S,,S,S,S,S,,S,,,S,2567
11679_8#35,2003.0,S,S,,R,S,S,S,,S,,,S,69
11679_4#28,2003.0,S,S,,R,S,S,S,,S,,,S,127
11679_8#36,2003.0,S,S,,R,S,S,S,,S,,,S,69
11658_5#66,2003.0,S,S,,R,R,S,S,,S,,,S,131
11679_8#37,2003.0,S,S,,S,S,S,S,,S,,,S,95
11658_8#60,2003.0,S,S,,R,S,S,S,,S,,,S,117
11658_4#42,2003.0,S,S,,R,R,S,S,,S,,,S,5440
11658_7#52,2003.0,S,S,,R,R,S,S,,S,,,S,131
11658_6#64,2003.0,S,S,,R,S,S,S,,S,,,R,131
11657_5#43,2003.0,S,S,,R,S,S,S,,S,,,S,405
11791_7#45,2003.0,S,S,,S,S,S,S,,S,,,S,131
11679_8#38,2003.0,S,S,,S,S,S,S,,S,,,S,73
11658_5#67,2003.0,S,S,,R,S,S,S,,S,,,S,12
11679_8#39,2003.0,S,S,,S,S,S,S,,S,,,S,73
11658_8#61,2003.0,S,S,,S,S,S,S,,S,,,S,73
11679_5#28,2003.0,S,S,,R,S,S,S,,S,,,S,12
11658_4#43,2003.0,S,S,,S,S,S,S,,S,,,S,131
11658_4#44,2003.0,S,S,,S,S,S,S,,S,,,S,95
11658_7#53,2003.0,R,R,,R,S,S,R,,S,,,R,648
11791_7#46,2003.0,S,S,,S,S,S,S,,S,,,S,14
11679_8#40,2003.0,S,S,,R,S,S,S,,S,,,R,393
11679_8#41,2003.0,S,S,,R,S,S,S,,S,,,S,73
11791_7#47,2003.0,S,S,,R,R,R,S,,S,,,R,393
11658_7#54,2003.0,S,S,,S,S,S,S,,S,,,S,127
11791_3#33,2003.0,S,S,,R,S,S,S,,S,,,S,80
11657_6#41,2003.0,S,S,,R,R,S,S,,S,,,S,127
11791_7#48,2003.0,S,S,,S,S,S,S,,S,,,S,73
11791_3#34,2003.0,S,S,,R,R,S,S,,S,,,S,73
11658_6#65,2003.0,S,S,,R,S,S,S,,S,,,S,73
11679_6#36,2003.0,S,S,,R,R,S,S,,S,,,S,95
11791_3#35,2003.0,S,S,,S,S,S,S,,S,,,S,10
11658_4#45,2004.0,S,S,,S,S,R,S,,S,,,S,73
11658_7#55,2004.0,S,S,,S,S,R,R,,S,,,S,73
11657_5#44,2004.0,S,S,,R,R,S,S,,S,,,S,73
11657_7#39,2004.0,S,S,,R,S,S,S,,S,,,S,69
11658_5#68,2004.0,S,S,,S,S,S,S,,S,,,S,73
11658_8#62,2004.0,S,S,,S,S,S,S,,S,,,S,73
11658_5#69,2004.0,S,S,,S,S,S,S,,S,,,R,127
11791_7#49,2004.0,S,S,,R,R,R,S,,R,,,R,131
11658_8#63,2004.0,S,S,,R,S,S,S,,S,,,S,73
11658_4#46,2004.0,S,S,,R,R,R,S,,S,,,R,393
11657_7#40,2004.0,S,S,,S,S,S,S,,S,,,S,95
11791_7#50,2004.0,S,S,,S,S,S,R,,S,,,R,131
11679_6#37,2004.0,S,S,,R,R,S,S,,S,,,S,10
11658_7#56,2004.0,S,S,,R,S,S,S,,S,,,S,127
11679_8#42,2004.0,S,S,,R,S,S,S,,S,,,S,73
11658_5#70,2004.0,S,S,,S,S,S,S,,S,,,S,5609
11791_7#51,2004.0,S,S,,R,S,S,S,,S,,,S,144
11658_5#71,2004.0,S,S,,S,S,S,S,,S,,,S,537
11791_3#36,2004.0,S,S,,S,S,R,S,,S,,,S,73
11658_8#64,2004.0,S,S,,R,R,S,S,,R,,,R,131
11658_6#66,2004.0,S,S,,S,S,S,S,,S,,,S,80
11658_5#72,2004.0,S,S,,S,S,S,S,,S,,,S,95
11658_8#65,2004.0,S,S,,S,S,S,S,,S,,,S,95
11658_7#57,2004.0,S,S,,R,S,S,S,,S,,,S,131
11658_7#58,2004.0,S,S,,R,R,R,R,,S,,,S,73
11657_6#42,2004.0,S,S,,R,S,S,S,,S,,,S,567
11679_8#43,2004.0,S,S,,R,S,S,S,,S,,,S,69
11791_3#37,2004.0,S,S,,R,S,S,S,,S,,,S,1604
11791_7#52,2004.0,S,S,,S,S,S,S,,S,,,R,393
11658_6#67,2004.0,S,S,,S,S,S,S,,S,,,S,95
11658_5#73,2004.0,S,S,,S,S,S,S,,S,,,S,73
11658_6#68,2004.0,S,S,,S,S,S,S,,S,,,S,537
11658_5#74,2004.0,S,S,,R,S,R,S,,S,,,S,12
11658_5#75,2004.0,S,S,,S,S,S,S,,S,,,S,95
11658_6#69,2004.0,S,S,,S,S,S,S,,S,,,S,961
11679_5#29,2004.0,S,S,,S,S,S,S,,S,,,S,95
11791_7#53,2004.0,S,S,,R,S,S,S,,S,,,S,69
11657_6#43,2004.0,S,S,,S,S,S,S,,S,,,S,69
11791_7#54,2004.0,S,S,,S,S,S,S,,S,,,S,141
11658_6#70,2004.0,S,S,,S,S,S,S,,S,,,R,393
11791_6#20,2004.0,S,S,,R,S,S,S,,S,,,S,95
11679_5#30,2002.0,S,S,,S,S,S,S,,S,,,S,10
11658_7#59,2002.0,R,R,,R,R,S,R,,S,,,S,2230
11658_8#66,2002.0,S,S,,R,S,S,S,,S,,,S,38
11658_8#67,2003.0,S,S,,R,S,S,S,,S,,,S,38
11658_8#68,2003.0,S,S,,R,S,S,S,,S,,,R,167
11658_7#60,2001.0,S,,,S,S,S,S,,S,,,S,88
11658_5#76,2002.0,S,S,,S,S,S,S,,S,,,S,73
11658_6#71,2002.0,S,S,,R,R,S,S,,S,,,S,12
11679_8#44,2002.0,S,S,,S,S,S,S,,S,,,S,1486
11679_6#38,2002.0,S,S,,R,S,S,S,,S,,,S,73
11658_5#77,2002.0,S,S,,R,R,R,S,,S,,,S,393
11657_7#41,2001.0,S,,,R,R,S,S,,R,,,R,539
11658_6#72,2002.0,S,S,,R,S,S,S,,S,,,S,428
11658_8#69,2002.0,S,S,,R,S,S,S,,S,,,S,95
11791_7#55,2003.0,R,R,,R,R,R,R,,S,,,R,131
11658_5#78,2003.0,S,S,,R,R,S,R,,S,,,S,38
11658_5#79,2003.0,S,S,,S,S,S,S,,S,,,S,73
11658_7#62,2003.0,S,S,,S,S,S,S,,S,,,S,73
11679_4#29,2003.0,S,S,,R,R,S,S,,S,,,S,79
11658_8#70,2003.0,S,S,,R,S,S,S,,S,,,S,62
11658_5#80,2003.0,S,S,,R,R,S,S,,S,,,S,69
11658_7#63,2003.0,S,S,,R,R,S,S,,S,,,S,12
11658_5#81,2002.0,R,R,,R,S,S,S,,S,,,S,144
11658_8#71,2004.0,S,S,,R,S,S,S,,S,,,S,58
11658_8#72,2004.0,S,S,,S,S,S,S,,S,,,S,95
11658_8#73,2004.0,S,S,,R,R,S,S,,S,,,S,79
11658_5#82,2005.0,S,S,,R,R,S,R,,S,,,S,73
11658_8#74,2004.0,S,S,,S,S,S,S,,S,,,S,59
11658_8#75,2005.0,S,S,,R,R,S,S,,S,,,S,69
11658_6#73,2005.0,S,S,,R,S,S,S,,S,,,R,131
11658_8#76,2005.0,S,S,,R,S,S,S,,S,,,S,73
11791_7#56,2005.0,S,S,,R,R,R,S,,S,,,S,73
11658_6#74,2005.0,S,S,,R,R,S,S,,S,,,S,73
11658_4#47,2005.0,S,S,,S,S,S,S,,S,,,S,48
11658_6#75,2005.0,S,S,,R,R,S,S,,S,,,S,2617
11658_6#76,2005.0,S,S,,S,S,S,S,,S,,,S,974
11658_8#77,2004.0,S,S,,R,S,S,S,,S,,,S,1431
11658_8#78,2004.0,S,S,,R,S,S,S,,S,,,R,131
11679_4#30,2004.0,S,S,,S,S,S,S,,S,,,S,550
11658_6#77,2004.0,S,S,,S,S,S,S,,S,,,S,567
11658_8#79,2004.0,S,S,,S,S,S,S,,S,,,S,393
11658_6#78,2004.0,S,S,,S,S,S,S,,S,,,R,393
11658_4#48,2004.0,R,R,,R,R,S,R,,R,,,S,131
11791_7#57,2004.0,S,S,,R,R,S,S,,S,,,S,62
11657_7#42,2004.0,S,S,,S,S,S,S,,S,,,S,12
11657_7#43,2004.0,S,S,,R,S,S,S,,S,,,S,144
11658_8#80,2004.0,S,S,,S,S,S,S,,S,,,S,62
11658_8#81,2004.0,S,S,,R,S,S,S,,S,,,S,117
11658_8#82,2004.0,S,S,,S,S,S,S,,S,,,S,349
11679_7#28,2004.0,S,S,,S,S,S,S,,S,,,S,141
11658_4#49,2004.0,S,S,,S,S,S,S,,S,,,S,421
11657_5#46,2004.0,R,R,,R,R,S,R,,S,,,R,131
11658_8#83,2004.0,S,S,,S,S,S,S,,S,,,S,73
11658_3#32,2004.0,S,S,,R,S,S,S,,S,,,S,73
11658_3#33,2004.0,S,S,,R,S,S,S,,S,,,S,1946
11791_6#21,2004.0,S,S,,S,S,S,S,,S,,,S,95
11657_6#44,2004.0,S,S,,R,S,S,S,,S,,,S,106
11657_7#44,2004.0,S,S,,S,S,S,S,,S,,,S,73
11658_5#83,2004.0,S,S,,R,R,S,S,,S,,,S,12
11658_8#84,2004.0,S,R,,R,R,S,R,,S,,,R,131
11658_6#79,2004.0,S,S,,R,R,S,R,,S,,,S,706
11658_8#85,2004.0,S,S,,S,S,S,S,,S,,,R,131
11658_8#86,2004.0,S,S,,S,S,S,S,,S,,,S,95
11658_6#80,2004.0,S,S,,S,S,S,S,,S,,,S,95
11658_6#81,2004.0,S,R,,R,R,S,R,,S,,,R,131
11658_7#64,2004.0,S,R,,R,R,S,R,,S,,,R,131
11658_8#87,2004.0,S,S,,S,S,S,S,,S,,,S,73
11791_7#58,2004.0,S,S,,R,S,S,R,,S,,,S,491
11658_6#82,2004.0,S,S,,R,R,S,S,,S,,,R,131
11658_5#84,2004.0,S,S,,R,S,S,S,,S,,,S,421
11791_7#59,2004.0,S,S,,R,R,R,R,,S,,,R,131
11658_4#50,2004.0,S,S,,S,S,S,S,,S,,,S,73
11658_6#83,2004.0,S,S,,S,S,S,S,,S,,,S,95
11658_5#85,2004.0,S,S,,R,S,S,S,,S,,,S,95
11658_4#51,2004.0,S,S,,R,S,S,S,,S,,,S,141
11658_4#52,2004.0,S,S,,R,R,S,R,,S,,,R,38
11658_5#86,2004.0,S,S,,S,S,S,S,,S,,,S,23
11658_6#84,2004.0,S,S,,S,S,S,S,,S,,,S,144
11658_8#88,2004.0,S,S,,S,S,S,S,,S,,,S,2802
11658_8#89,2004.0,S,S,,R,R,S,S,,S,,,S,73
11657_5#47,2004.0,S,S,,S,S,S,S,,S,,,S,73
11658_8#90,2004.0,S,S,,S,S,S,S,,S,,,S,372
11791_7#60,2004.0,R,R,,R,R,S,R,,R,,,R,131
11791_6#22,2004.0,S,S,,S,S,S,S,,S,,,S,73
11791_7#61,2004.0,S,S,,S,S,S,S,,S,,,S,73
11679_4#31,2004.0,S,S,,R,R,R,S,,S,,,S,83
11658_6#85,2005.0,S,S,,S,S,S,S,,S,,,S,652
11657_6#45,2005.0,S,S,,R,R,R,S,,S,,,S,95
11658_4#53,2005.0,S,S,,R,S,S,S,,S,,,S,73
11658_4#54,2005.0,S,S,,R,S,S,S,,S,,,S,73
11658_6#86,2005.0,S,S,,S,S,S,S,,S,,,S,1231
11658_6#87,2005.0,S,S,,S,S,S,S,,S,,,S,5597
11658_8#91,2005.0,S,S,,R,R,S,S,,S,,,S,95
11658_4#55,2005.0,S,S,,R,S,S,S,,S,,,S,538
11791_7#62,2005.0,S,S,,S,S,S,S,,S,,,S,73
11658_3#34,2005.0,S,S,,S,S,S,S,,S,,,S,95
11658_5#87,2005.0,R,R,,R,R,S,R,,R,,,R,131
11658_5#88,2005.0,S,S,,R,S,S,S,,S,,,S,14
11657_5#48,2005.0,S,S,,S,S,S,S,,S,,,S,73
11658_6#88,2005.0,R,R,,R,R,R,R,,S,,,R,131
11658_6#89,2005.0,S,S,,S,S,S,S,,S,,,S,73
11658_8#92,2005.0,S,S,,R,R,S,S,,R,,,R,131
11658_4#56,2005.0,S,S,,S,S,S,S,,S,,,S,295
11657_7#45,2003.0,S,S,,R,R,S,S,,S,,,R,393
11679_6#39,2005.0,S,S,,S,S,S,S,,S,,,S,73
11658_4#57,2005.0,S,S,,R,S,S,S,,S,,,S,131
11679_8#45,2005.0,S,S,,S,S,S,S,,S,,,S,95
11679_5#31,2005.0,S,S,,R,R,S,R,,S,,,S,73
11791_3#38,2005.0,S,S,,S,S,S,S,,S,,,S,95
11679_4#32,2005.0,S,S,,R,S,S,S,,R,,,R,131
11658_4#58,2005.0,S,S,,R,R,S,S,,R,,,S,95
11679_8#46,2005.0,S,S,,S,S,S,S,,S,,,S,73
11679_6#40,2005.0,S,S,,R,S,S,S,,S,,,S,95
11679_5#32,2005.0,S,S,,S,S,S,S,,S,,,S,73
11791_3#39,2005.0,S,S,,R,R,S,S,,S,,,S,62
11791_3#40,2005.0,S,S,,S,S,S,S,,S,,,S,73
11679_8#47,2005.0,S,S,,R,R,S,S,,R,,,S,69
11658_3#35,2005.0,S,S,,S,S,S,S,,S,,,S,73
11658_3#36,2005.0,S,S,,S,S,S,S,,S,,,R,131
11791_6#23,2005.0,S,S,,R,S,S,S,,S,,,S,73
11679_8#48,2005.0,S,S,,R,S,S,S,,S,,,S,69
11657_5#49,2005.0,S,S,,S,S,S,S,,S,,,S,95
11679_4#33,2005.0,S,S,,R,S,S,S,,S,,,S,59
11679_6#41,2005.0,S,S,,S,S,S,S,,S,,,S,91
11679_7#29,2005.0,S,S,,S,S,S,S,,S,,,S,88
11679_4#34,2005.0,S,S,,R,R,S,S,,S,,,R,648
11791_3#41,2005.0,S,S,,S,S,S,S,,S,,,S,62
11679_6#42,2005.0,S,S,,S,S,S,S,,S,,,S,95
11657_7#46,2005.0,S,S,,R,S,S,S,,S,,,S,58
11679_5#33,2005.0,S,S,,R,S,S,S,,S,,,R,131
11679_8#49,2005.0,S,S,,R,S,S,S,,S,,,S,2272
11679_4#35,2005.0,S,S,,R,S,S,S,,S,,,R,131
11679_7#30,2005.0,S,S,,S,S,S,S,,S,,,S,127
11679_7#31,2005.0,S,S,,S,S,S,R,,S,,,S,357
11679_7#32,2005.0,S,S,,R,S,S,S,,S,,,S,69
11679_5#34,2005.0,S,S,,S,S,S,S,,S,,,S,69
11657_6#46,2005.0,S,S,,S,S,S,S,,S,,,S,73
11791_3#42,2005.0,S,S,,S,S,S,S,,S,,,S,73
11679_6#43,2005.0,S,S,,S,S,S,S,,S,,,S,73
11657_6#47,2005.0,S,S,,S,S,S,S,,S,,,S,131
11679_4#36,2005.0,S,S,,R,R,S,S,,S,,,S,95
11657_5#50,2005.0,S,S,,S,S,S,S,,S,,,S,73
11679_5#35,2005.0,S,S,,R,R,S,R,,S,,,R,533
11791_3#43,2005.0,S,R,,R,R,S,R,,S,,,R,131
11679_6#44,2005.0,S,S,,R,S,S,S,,S,,,S,95
11658_3#37,2005.0,S,S,,R,R,S,S,,S,,,S,12
11679_7#34,2005.0,S,S,,S,S,S,S,,S,,,S,1057
11679_4#37,2005.0,S,S,,S,S,S,S,,S,,,S,14
11679_8#50,2005.0,S,S,,R,S,S,S,,S,,,S,69
11791_3#44,2005.0,S,S,,R,S,S,S,,S,,,S,69
11658_5#89,2005.0,S,S,,S,S,S,S,,S,,,S,95
11893_8#71,2005.0,S,S,,S,S,S,S,,S,,,S,23
11657_7#47,2005.0,S,S,,R,R,S,S,,S,,,R,131
11657_5#51,2005.0,S,S,,S,S,S,S,,S,,,S,452
11658_3#38,2005.0,R,R,,R,R,S,R,,R,,,R,131
11679_6#45,2005.0,S,S,,R,S,S,S,,S,,,S,131
11657_5#52,2005.0,R,R,,R,R,S,R,,R,,,R,10
11679_6#46,2005.0,S,S,,R,S,S,R,,S,,,R,38
11658_5#90,2005.0,S,S,,R,S,S,S,,S,,,S,95
11679_6#47,2005.0,S,S,,R,S,S,R,,S,,,R,5648
11791_3#45,2005.0,S,S,,S,S,S,S,,S,,,S,5628
11657_7#48,2005.0,S,S,,R,S,S,S,,S,,,S,73
11657_7#49,2005.0,S,S,,R,S,S,S,,S,,,S,95
11658_4#59,2005.0,S,R,,R,S,S,R,,S,,,S,73
11679_4#38,2005.0,S,R,,R,S,S,R,,S,,,S,73
11658_3#39,2005.0,S,R,,R,S,S,R,,S,,,S,73
11679_7#35,2005.0,S,S,,R,R,S,S,,S,,,S,95
11658_4#60,2005.0,S,S,,R,R,S,S,,S,,,S,131
11679_8#52,2006.0,S,S,,S,S,S,S,,S,,,S,847
11657_7#50,2006.0,S,S,,S,S,S,S,,S,,,S,95
11679_7#36,2006.0,S,S,,S,S,S,S,,S,,,S,104
11657_5#53,2006.0,S,S,,S,S,S,S,,S,,,S,95
11679_6#48,2006.0,S,S,,R,S,S,S,,S,,,S,48
11791_3#46,2006.0,S,S,,R,R,S,S,,S,,,S,372
11791_3#47,2006.0,S,S,,S,S,S,S,,S,,,S,127
11679_4#39,2006.0,S,S,,R,R,S,R,,R,,,R,131
11658_4#61,2006.0,R,R,,R,R,R,R,,S,,,R,131
11679_4#40,2006.0,S,S,,R,R,S,S,,S,,,R,131
11679_4#41,2006.0,S,S,,R,R,S,S,,S,,,S,73
11679_4#42,2006.0,S,S,,S,S,S,S,,S,,,S,73
11658_6#90,2006.0,S,S,,S,S,S,S,,S,,,S,73
11658_7#65,2006.0,R,R,,R,R,S,R,,R,,,R,131
11657_6#48,2006.0,S,S,,R,S,S,S,,S,,,S,73
11791_3#48,2006.0,S,S,,R,R,S,S,,S,,,S,73
11658_7#66,2006.0,R,R,,R,R,S,R,,R,,,R,5491
11657_7#51,2006.0,S,S,,R,S,S,S,,S,,,S,14
11679_4#43,2006.0,S,S,,R,S,S,S,,S,,,S,127
11679_5#36,2006.0,R,R,,R,R,S,R,,R,,,R,410
11679_8#53,2006.0,S,S,,S,S,S,S,,S,,,S,357
11657_5#54,2006.0,S,S,,S,S,S,S,,S,,,S,95
11658_3#40,2006.0,S,S,,R,S,S,S,,S,,,S,127
11658_7#67,2006.0,S,S,,R,S,S,S,,S,,,R,131
11679_8#54,2006.0,S,S,,S,S,S,S,,S,,,S,58
11658_7#68,2006.0,S,S,,S,S,S,S,,S,,,S,95
11657_6#49,2006.0,S,S,,S,S,S,S,,S,,,S,5425
11658_7#69,2006.0,S,S,,R,R,R,S,,S,,,S,5384
11791_3#49,2007.0,S,S,,S,S,S,R,,S,,,S,131
11679_7#37,2006.0,S,S,,R,S,S,S,,S,,,S,69
11679_4#44,2007.0,S,S,,R,R,S,S,,S,,,S,131
11679_6#49,2007.0,S,S,,R,S,S,S,,S,,,S,131
11679_8#55,2007.0,R,R,,R,S,S,R,,S,,,R,57
11679_5#37,2007.0,S,S,,R,S,S,S,,S,,,S,95
11679_8#56,2007.0,S,S,,R,S,S,S,,S,,,S,62
11657_6#50,2007.0,S,S,,R,S,S,S,,S,,,S,95
11657_5#55,2007.0,S,S,,R,R,S,S,,S,,,S,73
11679_4#45,2007.0,S,S,,S,S,S,S,,S,,,S,95
11679_8#57,2007.0,S,S,,R,S,S,S,,S,,,S,131
11658_4#62,2007.0,S,S,,S,S,S,R,,S,,,S,416
11657_6#51,2007.0,R,R,,R,S,S,R,,S,,,R,131
11679_5#38,2007.0,S,S,,S,S,S,S,,S,,,S,95
11657_5#56,2007.0,S,S,,R,S,S,S,,S,,,S,95
11679_8#58,2007.0,S,S,,R,R,S,S,,S,,,S,69
11657_6#52,2007.0,S,S,,R,R,R,S,,S,,,S,73
11679_4#46,2007.0,S,S,,R,R,R,S,,R,,,S,12
11657_5#57,2007.0,S,S,,R,S,S,S,,S,,,R,357
11791_3#50,2007.0,S,S,,R,S,S,S,,R,,,S,101
11679_4#47,2007.0,S,S,,S,S,S,S,,S,,,S,429
11658_3#41,2007.0,S,S,,R,R,S,S,,S,,,S,131
11657_7#52,2007.0,S,S,,R,S,S,S,,S,,,R,131
11679_4#48,2007.0,S,S,,R,S,S,S,,S,,,S,95
11658_7#70,2007.0,S,S,,R,S,S,S,,S,,,S,95
11658_3#42,2007.0,S,S,,R,R,S,R,,S,,,R,131
11679_5#39,2007.0,S,S,,S,S,S,S,,S,,,S,95
11791_3#51,2007.0,S,S,,R,R,S,S,,S,,,S,58
11679_7#38,2007.0,S,S,,S,S,S,S,,S,,,S,372
11679_6#50,2007.0,S,S,,S,S,S,S,,S,,,R,95
11658_4#63,2007.0,R,R,,R,R,S,R,,R,,,R,405
11657_6#53,2007.0,S,S,,S,S,S,S,,S,,,S,95
11679_4#49,2007.0,S,S,,S,S,S,S,,S,,,S,73
11657_7#53,2007.0,S,S,,R,R,S,S,,S,,,R,131
11679_5#40,2007.0,S,S,,S,S,S,S,,S,,,S,538
11791_3#52,2007.0,S,S,,R,S,S,S,,S,,,S,117
11679_5#41,2007.0,S,S,,S,S,S,S,,S,,,S,141
11657_6#54,2006.0,S,S,,R,S,S,S,,S,,,S,12
11657_6#55,2007.0,S,S,,S,S,S,S,,S,,,S,117
11657_7#54,2007.0,S,R,,R,R,S,R,,S,,,R,131
11679_7#39,2007.0,S,S,,S,S,S,S,,S,,,S,1972
11679_8#59,2007.0,S,S,,R,S,S,S,,R,,,R,354
11791_3#53,2007.0,S,S,,S,S,S,S,,S,,,S,5662
11679_5#42,2007.0,R,R,,R,R,S,R,,R,,,R,167
11791_3#54,2007.0,S,S,,S,S,S,S,,S,,,S,69
11657_7#55,2009.0,S,S,,R,S,S,S,,R,,,R,131
11679_5#43,2006.0,S,S,,R,S,S,S,,S,,,S,405
11679_4#50,2007.0,S,S,,R,S,S,R,,S,,,R,393
11679_7#40,2007.0,S,S,,S,S,S,S,,S,,,S,5360
11657_7#56,2007.0,S,R,,R,S,S,R,,S,,,R,131
11658_3#43,2007.0,S,S,,R,S,S,R,,S,,,S,95
11679_5#44,2007.0,S,R,,R,R,S,R,,S,,,R,131
11679_8#60,2007.0,S,S,,S,S,S,S,,S,,,S,95
11679_8#61,2007.0,S,S,,R,R,S,S,,S,,,S,681
11679_8#62,2007.0,S,S,,S,S,S,S,,S,,,S,127
11657_5#58,2007.0,S,S,,S,S,S,S,,S,,,S,73
11657_5#59,2007.0,S,S,,R,R,S,S,,S,,,S,83
11679_8#63,2007.0,S,S,,R,R,S,S,,S,,,S,23
11657_5#60,2007.0,S,S,,R,R,S,S,,S,,,R,648
11791_3#55,2008.0,S,S,,R,R,R,R,,S,,,R,443
11791_3#56,2008.0,S,S,,R,R,S,S,,S,,,S,80
11679_7#41,2006.0,S,S,,R,R,S,R,,S,,,R,393
11657_6#56,2009.0,S,S,,S,S,S,S,,S,,,S,1262
11679_6#51,2007.0,S,S,,R,S,S,S,,R,,,S,62
11679_6#52,2008.0,S,S,,R,R,S,R,,S,,,S,106
11679_8#64,2008.0,R,R,,R,R,R,R,,R,,,R,405
11791_3#57,2008.0,S,S,,R,R,S,R,,S,,,S,12
11657_7#57,2007.0,S,S,,R,S,S,S,,R,,,R,131
11658_3#44,2008.0,S,S,,S,S,S,S,,S,,,S,141
11657_5#61,2008.0,R,R,,R,S,S,R,,R,,,R,131
11679_4#52,2008.0,R,R,,R,R,S,R,,S,,,R,131
11658_4#64,2008.0,S,S,,S,S,S,R,,S,,,S,95
11657_7#58,2008.0,R,R,,R,R,S,R,,R,,,R,131
11679_7#42,2009.0,S,S,,R,R,S,R,,S,,,R,131
11658_3#45,2009.0,S,S,,R,S,S,S,,S,,,S,540
11791_3#58,2009.0,S,S,,S,S,S,S,,S,,,S,131
11679_7#43,2008.0,S,S,,R,R,S,S,,S,,,S,38
11679_7#44,2008.0,R,R,,R,R,S,R,,R,,,R,131
11657_6#57,2008.0,S,S,,R,S,S,R,,S,,,S,10
11657_7#59,2008.0,S,S,,R,R,S,S,,S,,,S,131
11679_8#65,2008.0,S,S,,R,S,S,S,,S,,,S,349
11679_5#45,2008.0,S,S,,S,S,S,S,,S,,,S,357
11679_6#53,2008.0,S,S,,R,R,S,S,,S,,,S,12
11791_3#59,2007.0,S,S,,S,S,S,S,,S,,,S,127
11679_4#53,2007.0,S,S,,R,R,S,R,,S,,,R,131
11657_7#60,2008.0,S,S,,S,S,S,S,,S,,,S,73
11679_4#54,2008.0,R,R,,R,R,S,R,,R,,,R,131
11657_6#58,2008.0,S,S,,R,S,S,S,,S,,,S,95
11679_6#54,2008.0,S,S,,S,S,S,S,,S,,,S,421
11679_7#45,2008.0,S,S,,R,S,S,S,,S,,,S,5383
11679_5#46,2008.0,S,S,,S,S,S,R,,S,,,S,978
11679_6#55,2008.0,S,S,,R,R,S,S,,S,,,S,73
11657_5#62,2006.0,S,S,,S,S,S,S,,S,,,S,5425
11657_6#59,2006.0,S,S,,S,S,S,S,,S,,,S,144
11679_8#66,2006.0,S,S,,R,S,S,S,,S,,,S,69
11679_5#47,2006.0,S,S,,S,S,S,S,,S,,,S,73
11658_3#46,2006.0,S,S,,S,S,S,S,,S,,,S,73
11679_4#55,2006.0,S,S,,S,S,S,S,,S,,,S,73
11657_5#63,2006.0,S,S,,S,S,S,S,,S,,,S,357
11679_6#56,2006.0,S,S,,R,R,S,S,,S,,,S,14
11658_3#47,2006.0,S,S,,S,S,S,S,,S,,,S,73
11791_3#60,2006.0,S,S,,S,S,S,S,,S,,,S,1858
11679_4#56,2006.0,R,R,,R,R,S,R,,S,,,R,131
11679_5#48,2006.0,S,S,,R,S,S,S,,S,,,S,1081
11679_8#67,2006.0,S,S,,R,R,S,S,,S,,,S,12
11657_5#64,2006.0,S,S,,R,R,R,S,,R,,,S,372
11679_6#57,2006.0,S,S,,S,S,S,S,,S,,,S,93
11791_3#61,2006.0,S,S,,R,R,R,R,,S,,,S,767
11657_5#65,2006.0,S,S,,R,R,R,S,,S,,,R,393
11657_5#66,2007.0,S,S,,R,R,S,R,,S,,,R,405
11657_5#67,2006.0,S,S,,R,S,S,S,,S,,,S,69
11657_6#60,2007.0,S,S,,R,S,S,S,,S,,,S,10
11679_6#58,2007.0,S,S,,S,S,S,S,,S,,,S,5363
11658_3#48,2006.0,S,S,,S,S,S,S,,S,,,S,1459
11658_3#49,2006.0,S,S,,R,R,S,S,,S,,,S,69
11657_5#68,2006.0,S,S,,R,R,S,S,,S,,,S,394
11657_7#61,2007.0,S,S,,S,S,S,S,,S,,,S,73
11658_3#50,2006.0,S,S,,S,S,S,S,,S,,,S,641
11657_7#62,2007.0,S,S,,S,S,S,S,,S,,,S,95
11679_7#46,2006.0,S,S,,R,R,S,S,,S,,,S,95
11658_3#51,2006.0,S,S,,S,S,S,S,,S,,,S,80
11657_6#61,2006.0,S,S,,S,S,S,S,,S,,,S,648
11679_5#49,2006.0,S,S,,R,R,S,S,,S,,,S,38
11658_3#52,2006.0,S,S,,S,S,S,S,,S,,,S,416
11657_6#62,2007.0,S,S,,R,S,S,S,,S,,,S,405
11679_6#59,2006.0,R,R,,R,R,R,R,,S,,,R,131
11657_5#69,2006.0,S,S,,R,R,S,S,,S,,,R,10
11657_5#70,2006.0,S,S,,S,S,S,S,,S,,,S,5614
11658_4#65,2006.0,S,R,,R,R,S,R,,S,,,R,131
11679_5#50,2006.0,S,S,,R,R,R,S,,S,,,S,998
11791_3#62,2007.0,S,S,,S,S,S,S,,S,,,S,131
11791_6#24,2006.0,R,R,,R,R,S,R,,R,,,R,131
11658_4#66,2006.0,S,R,,R,R,S,R,,S,,,R,131
11679_7#47,2007.0,S,S,,R,R,S,S,,R,,,S,73
11679_7#48,2006.0,S,S,,S,S,S,S,,S,,,S,95
11657_6#63,2006.0,S,R,,R,R,R,R,,S,,,R,131
11679_7#49,2007.0,S,S,,R,S,S,S,,R,,,R,393
11657_6#64,2006.0,S,R,,R,R,S,R,,S,,,R,131
11679_4#57,2006.0,S,S,,R,R,S,R,,S,,,S,73
11657_7#63,2007.0,S,S,,R,S,S,S,,S,,,S,88
11679_6#60,2006.0,S,S,,R,S,S,S,,S,,,S,95
11657_7#64,2006.0,S,S,,R,R,S,S,,S,,,S,69
11657_7#65,2006.0,S,S,,S,S,S,S,,S,,,S,367
11658_3#53,2006.0,S,S,,R,R,S,S,,S,,,S,12
11658_4#67,2006.0,S,S,,R,R,R,R,,S,,,R,964
11679_7#50,2006.0,S,S,,R,S,S,S,,S,,,S,73
11679_5#51,2006.0,S,S,,R,R,S,S,,S,,,S,10
11791_6#25,2006.0,S,S,,R,R,S,S,,S,,,R,131
11679_5#52,2007.0,S,S,,R,R,S,S,,S,,,S,69
11679_7#51,2006.0,S,S,,R,S,S,S,,S,,,S,12
11679_5#53,2007.0,S,S,,R,S,S,S,,S,,,S,10
11679_5#54,2007.0,S,S,,R,S,S,S,,S,,,S,10
11657_6#65,2006.0,S,S,,R,R,R,S,,R,,,R,131
11679_5#55,2006.0,S,S,,R,S,S,S,,S,,,S,95
11658_7#71,2006.0,S,S,,S,S,S,S,,R,,,R,131
11658_4#68,2006.0,S,S,,R,S,S,S,,S,,,R,648
11679_7#52,2006.0,S,S,,S,S,S,S,,S,,,S,12
11679_4#58,2006.0,S,S,,R,R,R,S,,S,,,S,131
11679_8#68,2006.0,S,S,,R,S,S,S,,S,,,S,69
11658_3#54,2007.0,S,S,,R,R,S,S,,S,,,S,12
11791_3#63,2007.0,S,S,,R,R,S,S,,R,,,R,393
11658_3#55,2007.0,R,R,,R,S,S,R,,S,,,R,131
11658_3#56,2007.0,R,R,,R,R,S,R,,R,,,R,131
11679_6#61,2007.0,S,S,,S,S,S,S,,S,,,S,73
11679_5#56,2007.0,S,S,,S,S,S,S,,S,,,S,348
11679_4#59,2007.0,S,S,,S,S,S,S,,S,,,S,88
11679_4#60,2006.0,S,S,,R,S,S,S,,S,,,S,5360
11679_4#61,2006.0,R,R,,R,R,S,R,,R,,,R,405
11679_4#62,2006.0,S,S,,S,S,S,S,,S,,,S,131
11657_6#66,2006.0,S,S,,S,S,S,S,,S,,,S,14
11791_6#26,2006.0,S,S,,R,R,S,S,,S,,,S,95
11658_3#57,2006.0,S,S,,R,S,S,S,,S,,,S,73
11679_6#62,2006.0,S,S,,R,S,S,S,,S,,,S,115
11679_7#53,2006.0,S,S,,R,S,S,R,,S,,,R,648
11679_6#63,2007.0,S,S,,R,S,S,S,,S,,,S,14
11657_7#66,2006.0,R,R,,R,R,R,R,,S,,,R,131
11657_7#67,2008.0,S,S,,S,S,S,S,,S,,,S,73
11679_8#69,2008.0,S,S,,R,S,S,S,,S,,,S,69
11657_5#71,2008.0,S,S,,R,R,S,S,,S,,,S,59
11657_6#67,2008.0,S,R,,R,R,S,R,,S,,,R,131
11657_7#68,2008.0,S,S,,R,S,S,S,,S,,,S,95
11658_3#58,2009.0,R,R,,R,R,S,R,,S,,,R,393
11679_7#54,2009.0,R,R,,R,R,S,R,,S,,,R,131
11679_5#57,2008.0,S,S,,R,S,S,S,,S,,,S,131
11658_7#72,2008.0,S,S,,S,S,S,S,,S,,,S,10
11657_6#68,2008.0,S,S,,S,S,S,S,,S,,,S,10
11658_5#91,2008.0,S,S,,S,S,S,S,,S,,,S,95
11657_7#69,2008.0,S,S,,R,R,R,S,,S,,,S,73
11658_3#59,2008.0,S,S,,R,S,S,S,,S,,,S,93
11679_6#64,2008.0,S,S,,R,S,S,S,,S,,,S,5470
11679_4#63,2008.0,S,S,,S,S,S,S,,S,,,S,95
11658_4#69,2007.0,S,S,,S,S,S,S,,S,,,S,95
11679_7#55,2008.0,S,S,,S,S,S,S,,S,,,S,421
11679_6#65,2008.0,S,S,,S,S,S,S,,S,,,S,95
11679_6#66,2008.0,S,S,,S,S,S,S,,S,,,S,362
11679_5#58,2008.0,S,S,,R,S,S,S,,S,,,S,106
11658_3#60,2008.0,S,S,,R,S,S,R,,S,,,S,569
11679_6#67,2008.0,S,S,,R,R,S,R,,S,,,S,73
11679_7#56,2008.0,S,S,,R,R,S,S,,S,,,S,58
11658_4#70,2008.0,S,S,,R,R,S,S,,S,,,S,69
11657_5#72,2008.0,S,S,,R,R,S,S,,S,,,S,73
11679_7#57,2008.0,S,S,,R,S,S,S,,S,,,S,95
11679_6#68,2008.0,S,S,,R,R,S,S,,S,,,S,648
11658_4#71,2008.0,S,S,,R,R,S,S,,S,,,S,88
11679_4#64,2006.0,S,S,,R,R,S,S,,S,,,R,393
11679_5#59,2006.0,S,S,,R,S,S,S,,S,,,S,124
11657_7#70,2006.0,S,S,,R,R,R,S,,S,,,R,131
11791_7#63,2008.0,S,S,,S,S,S,S,,S,,,S,73
11657_7#71,2008.0,S,S,,S,S,S,S,,S,,,S,73
11791_6#27,2008.0,S,R,,R,S,S,R,,S,,,S,393
11658_4#72,2008.0,S,S,,R,R,S,S,,R,,,S,973
11658_3#61,2008.0,S,S,,R,S,S,R,,S,,,S,141
11679_7#58,2008.0,S,S,,R,S,S,S,,S,,,R,131
11657_7#72,2009.0,S,S,,R,R,S,R,,S,,,S,5604
11658_4#73,2008.0,S,S,,S,S,S,S,,S,,,S,62
11679_4#66,2008.0,S,S,,R,R,S,S,,S,,,R,131
11657_5#73,2008.0,S,S,,R,S,S,S,,S,,,S,12
11658_3#62,2008.0,S,S,,R,S,S,S,,S,,,S,12
11657_6#69,2008.0,S,S,,R,S,S,S,,S,,,S,38
11679_7#59,2008.0,S,S,,S,S,S,S,,S,,,S,73
11679_4#67,2007.0,S,S,,R,S,S,S,,S,,,S,144
11658_3#64,2008.0,S,S,,R,R,S,S,,S,,,S,73
11679_5#60,2009.0,S,S,,S,S,S,S,,S,,,S,127
11658_5#92,2009.0,S,S,,R,S,S,S,,S,,,S,405
11657_7#73,2009.0,S,S,,R,S,S,S,,S,,,R,131
11679_6#69,2006.0,S,S,,S,S,S,S,,S,,,S,1231
11658_3#65,2006.0,S,S,,S,S,S,S,,S,,,R,393
11679_5#61,2006.0,S,S,,R,S,S,S,,S,,,S,23
11679_5#62,2007.0,S,S,,S,S,S,S,,S,,,S,10
11791_7#64,2008.0,S,S,,R,S,S,S,,S,,,S,73
11657_5#74,2008.0,S,S,,S,S,S,S,,S,,,S,538
11658_6#91,2008.0,R,R,,R,R,S,R,,R,,,R,131
11679_5#63,2008.0,S,S,,R,S,S,S,,S,,,S,62
11679_7#60,2008.0,S,S,,S,S,S,S,,S,,,S,73
11657_7#74,2008.0,S,S,,S,S,S,S,,S,,,S,73
11657_7#75,2008.0,S,S,,S,S,S,S,,S,,,S,393
11657_7#76,2007.0,S,S,,R,S,S,S,,S,,,S,73
11658_7#73,2009.0,S,S,,S,S,S,S,,S,,,S,95
11657_7#77,2009.0,S,S,,R,R,S,S,,R,,,S,131
11658_8#93,2009.0,R,R,,R,S,S,R,,S,,,R,131
11679_8#70,2009.0,S,S,,R,R,S,S,,R,,,S,131
11679_8#71,2009.0,S,S,,R,S,S,S,,S,,,S,86
11679_7#61,2009.0,S,S,,R,R,R,R,,S,,,S,648
11657_5#75,2009.0,S,S,,S,S,S,S,,S,,,S,73
11657_7#78,2008.0,S,S,,S,S,S,R,,S,,,R,131
11658_6#92,2009.0,S,S,,S,S,S,R,,S,,,S,131
11679_6#70,2009.0,S,S,,R,S,S,S,,S,,,S,5639
11658_4#74,2009.0,R,R,,R,R,S,R,,R,,,R,131
11679_8#72,2009.0,S,S,,S,S,S,S,,S,,,S,127
11679_7#62,2008.0,S,S,,R,R,S,S,,S,,,S,929
11679_4#68,2008.0,S,S,,R,R,S,S,,S,,,S,80
11679_4#69,2008.0,S,S,,S,S,S,S,,S,,,S,73
11657_7#79,2008.0,S,S,,S,S,S,S,,S,,,S,352
11658_8#94,2009.0,S,S,,R,S,S,R,,S,,,S,38
11791_3#64,2009.0,S,S,,R,S,S,S,,S,,,S,648
11658_5#93,2009.0,S,S,,R,S,S,S,,S,,,S,2020
11657_6#70,2009.0,S,S,,R,S,S,S,,S,,,S,409
11679_7#63,2009.0,R,S,,R,R,R,R,,S,,,S,73
11679_5#64,2009.0,S,S,,S,S,S,S,,S,,,S,73
11657_7#80,2009.0,S,S,,R,S,S,S,,S,,,S,127
11658_4#75,2009.0,S,S,,R,R,S,S,,S,,,S,144
11791_6#28,2009.0,S,S,,R,R,S,S,,S,,,S,12
11679_7#64,2009.0,S,S,,S,S,S,S,,S,,,S,657
11658_6#93,2009.0,S,S,,S,S,S,S,,S,,,S,14
11658_4#76,2008.0,S,S,,R,S,S,S,,S,,,S,540
11658_7#74,2008.0,S,S,,R,R,S,S,,S,,,S,540
11658_4#77,2008.0,S,S,,S,S,S,R,,R,,,R,131
11791_6#29,2008.0,R,R,,R,R,S,R,,R,,,R,38
11657_5#76,2009.0,S,S,,R,R,R,R,,S,,,S,405
11679_4#70,2009.0,S,S,,S,S,S,S,,S,,,S,127
11679_5#65,2009.0,S,S,,R,S,S,S,,S,,,S,73
11679_4#71,2009.0,S,S,,R,R,S,S,,S,,,S,73
11658_3#66,2009.0,S,S,,R,R,S,S,,S,,,S,73
11791_3#65,2009.0,S,S,,R,R,S,S,,S,,,S,69
11657_7#81,2009.0,S,S,,R,R,S,R,,S,,,S,405
11658_3#67,2009.0,S,S,,S,S,S,R,,S,,,S,73
11679_7#65,2009.0,S,S,,S,S,S,S,,S,,,S,88
11679_7#66,2009.0,S,S,,R,R,S,S,,S,,,S,80
11657_6#71,2009.0,S,S,,R,S,S,S,,S,,,S,95
11679_6#71,2009.0,S,S,,S,S,S,S,,S,,,S,162
11658_4#78,2009.0,S,S,,S,S,S,S,,S,,,S,10
11679_6#72,2009.0,R,R,,R,R,S,R,,S,,,S,88
11658_4#79,2009.0,S,S,,R,S,S,S,,S,,,S,73
11658_7#75,2009.0,S,S,,R,S,S,S,,S,,,S,59
11791_6#30,2009.0,S,S,,R,R,S,R,,S,,,R,131
11658_3#68,2009.0,S,S,,S,S,S,S,,S,,,S,69
11679_7#67,2009.0,S,S,,S,S,S,S,,S,,,S,5328
11657_5#77,2009.0,S,S,,S,S,S,S,,S,,,S,676
11658_4#80,2009.0,S,R,,R,R,S,R,,S,,,R,131
11658_3#69,2009.0,S,S,,R,S,S,S,,S,,,S,394
11657_6#72,2009.0,S,S,,R,R,S,S,,S,,,S,131
11658_7#76,2009.0,S,S,,R,R,R,S,,S,,,S,69
11679_7#68,2009.0,S,S,,S,S,S,S,,S,,,S,12
11679_5#66,2009.0,S,S,,R,R,S,S,,S,,,S,69
11679_4#72,2009.0,S,S,,R,S,S,R,,S,,,S,95
11658_4#81,2009.0,R,R,,R,R,S,R,,S,,,R,131
11657_7#82,2009.0,S,S,,R,R,S,R,,S,,,S,80
11679_5#67,2009.0,S,S,,R,S,S,S,,S,,,S,117
11679_7#69,2009.0,S,S,,S,S,S,S,,S,,,S,141
11658_5#94,2009.0,S,S,,R,R,S,S,,S,,,S,69
11658_7#77,2009.0,S,S,,R,S,S,S,,S,,,S,12
11657_6#73,2009.0,S,S,,S,S,S,S,,S,,,S,73
11657_7#83,2009.0,S,S,,R,S,S,R,,S,,,S,12
11658_3#70,2010.0,S,S,,S,S,S,S,,S,,,S,131
11679_8#73,2010.0,S,S,,R,S,S,S,,S,,,S,117
11658_4#82,2010.0,S,S,,R,R,S,S,,S,,,S,12
11791_6#32,2009.0,S,S,,R,R,S,S,,S,,,S,131
11657_6#74,2010.0,S,S,,S,S,S,S,,S,,,S,12
11658_4#83,2010.0,S,S,,R,S,S,S,,S,,,S,144
11679_6#73,2010.0,S,S,,R,S,S,S,,S,,,S,58
11658_3#71,2010.0,S,S,,S,S,S,S,,S,,,S,73
11658_4#84,2010.0,S,S,,S,S,S,S,,S,,,S,141
11679_4#73,2010.0,S,S,,R,R,R,S,,S,,,S,69
11679_5#68,2010.0,R,R,,R,R,S,R,,R,,,R,5491
11657_6#75,2009.0,S,S,,S,S,S,S,,S,,,S,415
11658_4#85,2010.0,S,S,,R,S,S,S,,R,,,R,131
11657_5#78,2010.0,S,S,,R,R,S,R,,S,,,S,73
11679_8#74,2010.0,S,S,,S,S,S,S,,S,,,S,131
11791_6#33,2010.0,S,S,,R,S,S,S,,R,,,R,393
11658_7#78,2010.0,S,R,,R,R,R,R,,S,,,R,131
11657_5#79,2010.0,S,S,,R,R,S,S,,S,,,S,95
11658_3#72,2010.0,S,S,,R,S,S,S,,S,,,S,69
11658_4#86,2010.0,S,S,,S,S,S,S,,S,,,S,59
11658_5#95,2010.0,S,S,,S,S,S,S,,S,,,S,141
11658_7#79,2010.0,S,S,,S,S,S,S,,S,,,S,14
11679_5#69,2010.0,S,S,,S,R,S,S,,S,,,S,415
11679_7#70,2010.0,S,S,,R,R,S,R,,S,,,R,131
11657_6#76,2010.0,S,S,,S,S,S,S,,S,,,S,404
11679_7#71,2010.0,S,S,,S,S,S,R,,S,,,S,104
11657_6#77,2010.0,S,S,,S,S,S,S,,S,,,S,12
11657_7#84,2010.0,S,S,,R,S,S,S,,S,,,S,12
11658_7#80,2010.0,S,S,,R,R,S,S,,S,,,S,38
11657_5#80,2010.0,S,S,,R,R,S,R,,R,,,R,131
11679_5#70,2010.0,S,S,,S,S,S,S,,S,,,S,12
11658_3#73,2010.0,S,S,,S,S,S,R,,S,,,S,537
11679_4#74,2010.0,S,S,,R,R,S,S,,S,,,S,80
11657_7#85,2010.0,S,S,,R,S,S,S,,S,,,S,453
11658_3#74,2010.0,S,S,,R,R,R,R,,S,,,R,131
11657_5#81,2010.0,S,S,,S,S,S,S,,S,,,S,357
11791_7#65,2009.0,S,S,,R,R,S,S,,S,,,S,73
11658_7#81,2010.0,S,S,,S,S,S,S,,S,,,S,95
11679_5#71,2010.0,S,S,,R,S,S,S,,S,,,S,998
11679_5#72,2010.0,S,S,,R,S,S,S,,S,,,S,80
11658_4#87,2010.0,S,S,,R,S,S,S,,S,,,S,2914
11791_6#34,2010.0,S,S,,R,S,S,S,,S,,,S,404
11658_4#88,2010.0,S,S,,R,S,S,S,,S,,,S,117
11658_8#95,2010.0,S,S,,R,S,S,S,,S,,,S,12
11658_8#96,2009.0,S,S,,R,S,S,S,,S,,,S,10
11679_6#74,2010.0,S,S,,R,S,S,S,,S,,,S,95
11679_4#75,2010.0,S,S,,R,R,S,S,,S,,,S,73
11658_7#82,2010.0,S,S,,S,S,S,S,,S,,,S,73
11657_6#78,2010.0,S,S,,R,R,S,R,,S,,,S,73
11657_6#79,2010.0,S,S,,S,S,S,S,,S,,,S,73
11658_7#83,2009.0,S,S,,R,S,S,S,,S,,,S,349
11791_7#66,2010.0,S,S,,R,R,R,S,,R,,,R,167
11791_6#35,2009.0,S,S,,R,R,S,R,,S,,,S,38
11679_4#76,2010.0,S,S,,R,S,S,S,,S,,,S,446
11658_4#89,2009.0,S,S,,S,S,S,S,,S,,,S,357
11657_5#83,2009.0,S,S,,S,S,S,S,,S,,,S,73
11658_6#94,2010.0,S,S,,S,S,S,S,,S,,,S,73
11791_7#67,2010.0,S,S,,R,S,S,R,,S,,,S,12
11657_5#84,2010.0,S,S,,S,S,S,S,,S,,,S,95
11679_4#77,2010.0,S,S,,R,R,R,S,,S,,,S,95
11679_5#73,2010.0,S,S,,R,S,S,S,,S,,,S,14
11657_6#80,2010.0,S,S,,S,S,S,S,,S,,,S,1618
11679_5#74,2010.0,S,S,,S,S,S,S,,S,,,S,62
11679_4#78,2010.0,S,S,,S,S,S,S,,S,,,S,62
11658_3#75,2010.0,S,S,,S,S,S,S,,S,,,S,73
11679_8#75,2010.0,S,S,,R,R,S,S,,S,,,R,90
11658_3#76,2010.0,S,S,,R,S,S,S,,S,,,S,14
11679_6#75,2010.0,S,S,,R,S,S,S,,S,,,S,69
11679_8#76,2010.0,S,S,,R,S,S,R,,S,,,S,69
11679_5#75,2010.0,S,S,,R,S,S,S,,S,,,S,127
11679_7#72,2010.0,S,S,,S,S,S,S,,S,,,S,74
11658_6#95,2010.0,S,S,,R,S,S,S,,S,,,S,73
11679_6#76,2010.0,S,S,,S,S,S,S,,S,,,S,127
11679_8#77,2010.0,S,S,,S,S,S,S,,S,,,S,80
11657_7#87,2010.0,S,S,,R,R,S,S,,S,,,S,88
11679_7#73,2010.0,S,S,,S,S,S,S,,S,,,S,538
11679_7#74,2010.0,S,S,,R,S,S,S,,S,,,S,73
11657_5#85,2010.0,S,S,,R,S,S,S,,S,,,S,1423
11679_6#77,2010.0,S,S,,R,S,S,S,,S,,,S,127
11657_6#81,2010.0,S,S,,S,S,S,S,,S,,,S,73
11679_7#75,2010.0,S,S,,R,R,S,S,,S,,,S,117
11679_6#78,2010.0,S,S,,R,R,S,S,,S,,,S,91
11658_3#77,2010.0,S,S,,R,S,S,S,,S,,,S,3290
11657_6#82,2011.0,S,S,,R,S,S,S,,S,,,S,95
11679_7#76,2011.0,S,S,,R,S,S,S,,S,,,S,83
11658_3#78,2011.0,S,S,,R,S,S,S,,R,,,S,38
11657_5#86,2011.0,S,S,,S,S,S,S,,S,,,S,73
11657_6#83,2010.0,S,S,,S,S,S,R,,S,,,S,1972
11658_3#79,2011.0,S,S,,S,S,S,S,,S,,,S,73
11679_7#77,2011.0,S,S,,R,R,S,S,,R,,,R,405
11657_5#87,2011.0,S,S,,S,S,S,S,,S,,,S,73
11657_6#84,2011.0,S,S,,S,S,S,S,,S,,,S,69
11679_5#76,2011.0,S,S,,R,S,S,S,,S,,,R,69
11657_5#88,2011.0,S,S,,R,S,S,S,,S,,,S,95
11658_7#84,2011.0,S,S,,R,S,S,S,,S,,,S,95
11657_5#89,2011.0,R,R,,R,R,S,R,,S,,,R,131
11657_5#90,2011.0,S,S,,S,S,S,S,,S,,,S,10
11679_4#79,2011.0,S,S,,R,S,S,S,,S,,,S,12
11658_3#80,2011.0,S,S,,R,S,S,S,,S,,,S,12
11657_7#88,2011.0,S,S,,S,S,S,S,,S,,,S,95
11679_4#80,2011.0,S,S,,S,S,S,S,,S,,,S,127
11791_7#68,2011.0,S,S,,S,S,S,S,,S,,,S,567
11658_7#85,2011.0,R,R,,R,R,S,R,,R,,,R,617
11657_5#91,2011.0,S,S,,S,S,S,S,,S,,,S,372
11658_7#86,2011.0,S,R,,R,S,S,R,,S,,,R,131
11658_3#81,2011.0,S,S,,S,S,S,S,,S,,,S,73
11791_6#36,2011.0,S,S,,R,R,S,S,,S,,,S,95
11679_8#78,2011.0,S,S,,S,S,S,S,,S,,,S,73
11679_8#79,2011.0,S,S,,R,S,S,S,,S,,,S,69
11679_5#77,2011.0,S,S,,R,R,S,S,,S,,,S,131
11658_3#82,2011.0,S,S,,S,S,S,S,,S,,,S,73
11679_8#80,2011.0,S,S,,R,R,S,R,,S,,,S,88
11658_4#90,2011.0,S,S,,R,S,S,S,,S,,,S,73
11679_7#78,2011.0,S,S,,S,S,S,S,,S,,,S,127
11658_7#87,2011.0,S,S,,S,S,S,S,,S,,,S,73
11679_6#79,2011.0,S,S,,R,S,S,S,,S,,,S,69
11658_7#88,2011.0,S,S,,S,S,S,S,,S,,,S,421
11791_3#66,2011.0,S,S,,R,S,S,S,,S,,,S,69
11657_5#92,2011.0,S,S,,R,R,S,S,,S,,,S,131
11658_3#83,2011.0,S,S,,S,S,S,S,,S,,,S,73
11658_7#89,2011.0,S,S,,R,S,S,S,,S,,,S,95
11679_6#80,2011.0,S,S,,S,S,S,S,,S,,,S,410
11679_7#79,2011.0,S,S,,R,R,S,S,,S,,,S,73
11658_4#91,2011.0,S,S,,S,S,S,S,,S,,,S,95
11658_3#84,2011.0,S,S,,S,S,S,S,,S,,,R,10
11657_6#85,2011.0,S,S,,R,S,S,S,,S,,,S,95
11658_7#90,2011.0,S,S,,R,R,S,S,,S,,,R,131
11791_7#69,2011.0,S,S,,S,S,S,S,,S,,,S,973
11791_6#37,2011.0,S,S,,R,S,S,S,,R,,,R,131
11679_7#80,2011.0,S,S,,S,S,S,S,,S,,,S,73
11658_7#91,2011.0,S,S,,S,S,S,S,,S,,,S,58
11657_6#86,2011.0,S,S,,R,S,S,S,,S,,,S,95
11679_4#81,2011.0,S,S,,R,S,S,S,,S,,,S,372
11658_4#92,2010.0,S,S,,R,R,S,S,,S,,,R,1394
11679_6#81,2011.0,S,S,,R,S,S,S,,S,,,S,73
11658_7#92,2011.0,S,S,,R,R,S,S,,S,,,S,73
11679_4#82,2011.0,S,S,,S,S,S,S,,S,,,S,1618
11658_7#93,2011.0,R,R,,R,R,S,R,,S,,,R,131
11657_5#93,2011.0,S,S,,S,S,S,S,,S,,,S,58
11658_7#94,2011.0,S,S,,S,S,S,S,,S,,,S,398
11658_5#96,2011.0,S,S,,R,R,S,S,,S,,,S,12
11679_5#78,2011.0,S,S,,R,S,S,S,,S,,,S,88
11679_7#81,2011.0,S,S,,S,S,S,S,,S,,,S,10
11679_4#83,2011.0,S,S,,R,S,S,S,,S,,,S,73
11658_7#95,2011.0,S,S,,S,S,S,S,,S,,,S,73
11657_6#87,2011.0,S,S,,R,S,S,S,,S,,,S,73
11658_3#85,2010.0,S,S,,R,R,S,S,,S,,,S,73
11679_5#79,2011.0,S,S,,R,S,S,S,,S,,,S,998
11679_4#84,2011.0,S,S,,S,S,S,S,,S,,,S,538
11658_4#93,2011.0,S,S,,R,S,S,S,,R,,,S,450
11658_7#96,2011.0,S,S,,S,S,S,S,,S,,,R,48
11658_6#96,2011.0,R,S,,R,R,S,R,,S,,,R,448
11679_6#82,2011.0,S,S,,S,S,S,S,,S,,,S,69
11658_4#94,2004.0,S,S,,S,S,S,S,,S,,,S,62
11657_6#88,2003.0,S,S,,R,R,S,S,,S,,,S,69
11791_3#67,2003.0,S,S,,S,S,S,S,,S,,,S,1125
11679_7#82,2003.0,S,S,,R,R,S,R,,S,,,R,68
11679_4#85,2003.0,S,S,,R,S,S,S,,S,,,S,73
11791_3#68,2012.0,S,S,R,,S,S,S,S,S,S,S,S,88
11658_3#86,2011.0,S,S,R,,S,S,S,S,S,S,S,R,131
11791_3#69,2011.0,R,R,R,,R,R,R,R,S,S,S,R,131
11679_5#80,2005.0,S,S,,R,R,S,S,,S,,,S,131
11791_3#70,2004.0,S,S,,R,S,S,R,,S,,,S,405
11791_3#71,2004.0,S,S,,S,S,S,S,,S,,,S,681
11657_6#89,2004.0,S,S,,R,S,S,S,,S,,,R,393
11679_5#81,2004.0,S,S,,S,S,S,S,,S,,,S,73
11791_3#72,2004.0,S,S,,R,S,S,S,,S,,,S,88
11679_6#83,2004.0,S,R,,R,R,R,R,,S,,,R,405
11791_3#73,2004.0,S,S,,S,S,S,S,,S,,,S,390
11658_3#87,2005.0,S,S,,S,S,S,S,,S,,,S,69
11791_3#74,2005.0,S,S,,R,S,S,S,,S,,,S,95
11679_5#82,2005.0,S,S,,S,S,S,S,,S,,,S,73
11657_7#89,2005.0,S,R,,R,R,S,R,,S,,,R,131
11791_3#75,2005.0,S,S,,R,R,S,S,,S,,,S,73
11679_6#84,2005.0,S,S,,R,R,S,S,,S,,,S,73
11679_8#81,2005.0,S,S,,S,S,S,S,,S,,,S,1333
11657_6#90,2005.0,S,S,,S,S,S,S,,S,,,S,10
11679_5#83,2007.0,S,S,,R,S,S,S,,S,,,S,5526
11791_3#76,2007.0,S,S,,S,S,S,S,,S,,,S,141
11679_6#85,2007.0,S,S,,R,R,S,S,,S,,,S,73
11679_4#86,2007.0,S,S,,S,S,S,S,,S,,,S,5242
11679_8#82,2007.0,S,S,,R,S,S,S,,S,,,S,95
11679_8#83,2006.0,S,S,,R,R,S,R,,S,,,S,104
11679_6#86,2006.0,S,S,,R,S,S,S,,S,,,S,12
11791_3#77,2006.0,S,S,,R,R,S,R,,S,,,S,73
11679_4#87,2008.0,S,S,,R,S,S,S,,S,,,S,69
11791_3#78,2008.0,S,S,,R,R,S,R,,S,,,S,12
11679_8#84,2008.0,S,S,,R,R,S,S,,S,,,S,131
11657_5#94,2008.0,S,S,,S,S,S,S,,S,,,S,131
11657_6#91,2008.0,S,R,,R,R,S,R,,S,,,R,131
11679_8#85,2008.0,S,S,,R,R,S,S,,R,,,R,131
11679_8#86,2007.0,S,S,,S,S,S,S,,S,,,S,131
11679_6#87,2007.0,S,S,,R,R,S,S,,S,,,S,357
11658_3#88,2009.0,S,S,,R,R,S,S,,S,,,S,428
11657_5#95,2009.0,S,S,,R,R,R,S,,S,,,S,453
11791_3#79,2009.0,S,S,,S,S,S,S,,S,,,S,680
11791_3#80,2009.0,S,S,,R,S,S,S,,S,,,S,69
11679_4#88,2009.0,S,S,,S,S,S,S,,S,,,S,95
11679_8#87,2009.0,S,S,,R,S,S,S,,S,,,S,131
11679_7#83,2009.0,S,S,,R,S,S,S,,R,,,S,69
11791_3#81,2008.0,S,S,,R,S,S,S,,S,,,R,131
11791_6#38,2011.0,S,S,,S,S,S,S,,S,,,S,38
11679_6#88,2010.0,S,S,,R,R,S,S,,S,,,S,127
11679_8#88,2010.0,S,S,,R,S,S,S,,S,,,S,12
11791_3#82,2010.0,S,S,,S,S,S,S,,S,,,S,10
11791_3#83,2009.0,S,S,,S,S,S,S,,S,,,R,393
11791_3#84,2009.0,S,S,,S,S,S,S,,S,,,S,404
11679_7#84,2009.0,S,S,,S,S,S,R,,S,,,S,69
11791_3#85,2009.0,S,S,,R,S,S,S,,S,,,S,345
11791_6#39,2011.0,S,S,,S,S,S,S,,S,,,S,73
11679_6#89,2011.0,S,S,,R,R,S,S,,S,,,S,62
11791_3#86,2011.0,S,S,,S,S,S,S,,S,,,S,95
11679_7#85,2011.0,S,S,,S,S,S,S,,S,,,S,131
11657_7#90,2011.0,S,S,,S,S,S,S,,S,,,S,95
11679_5#84,2011.0,S,S,,R,S,S,S,,S,,,S,95
11679_5#85,2011.0,S,S,,S,S,S,S,,S,,,S,59
11679_7#86,2011.0,S,S,,S,S,S,S,,S,,,S,131
11679_7#87,2011.0,S,S,,S,S,S,S,,S,,,S,131
11679_4#89,2011.0,R,R,,R,R,S,R,,S,,,R,131
11658_4#95,2011.0,S,S,,S,S,S,S,,S,,,S,73
11679_5#86,2011.0,S,S,,R,S,S,S,,S,,,S,95
11679_4#90,2011.0,S,S,,R,S,S,S,,S,,,S,95
11679_6#90,2010.0,S,S,R,,S,S,S,S,S,S,R,S,69
11679_7#88,2003.0,S,S,,S,S,S,S,,S,,,S,46
11679_6#91,2004.0,S,S,,S,S,S,S,,S,,,S,59
11679_5#87,2004.0,S,S,,S,S,R,S,,S,,,S,38
11679_4#91,2004.0,S,S,,R,S,S,R,,R,,,R,131
11679_8#89,2006.0,S,S,,R,R,S,S,,S,,,R,617
11679_4#92,2007.0,R,R,,R,R,S,R,,R,,,R,131
11657_6#92,2005.0,S,S,,R,S,S,S,,S,,,S,144
11658_3#89,2008.0,R,R,,R,R,S,R,,R,,,S,394
11679_5#88,2008.0,S,S,,S,S,S,S,,S,,,S,127
11657_6#93,2003.0,S,S,,S,S,S,S,,S,,,S,59
11679_4#93,2001.0,S,,,S,S,S,S,,S,,,S,144
11658_3#90,2012.0,S,S,R,,S,S,S,S,S,S,R,S,69
11658_3#91,2011.0,S,S,R,,S,S,S,S,S,S,R,S,421
11791_3#87,2007.0,S,S,,S,S,S,S,,S,,,R,410
11679_6#92,2006.0,R,R,,R,R,R,R,,R,,,R,167
11791_3#88,2007.0,S,S,,S,S,S,S,,S,,,S,162
11791_3#89,2010.0,S,S,,R,R,S,S,,S,,,S,73
11791_3#90,2005.0,S,S,,R,R,S,S,,S,,,S,88
11679_7#89,2005.0,S,S,,S,S,S,S,,S,,,S,640
11657_6#94,2005.0,S,R,,R,R,S,R,,S,,,R,131
11658_4#96,2005.0,S,S,,R,S,S,S,,S,,,S,73
11791_3#91,2005.0,S,S,,R,R,S,S,,S,,,S,80
11791_7#70,2005.0,S,S,,S,S,S,S,,S,,,S,1155
11657_7#91,2009.0,S,S,,R,S,S,S,,S,,,S,2307
11679_7#90,2008.0,S,S,,R,S,S,S,,S,,,S,69
11679_5#89,2008.0,S,S,,R,S,S,S,,S,,,S,372
11679_5#90,2008.0,S,S,,S,S,S,S,,S,,,S,131
11658_3#92,2008.0,S,S,,R,S,S,S,,S,,,S,144
11791_3#92,2008.0,S,S,,R,R,S,S,,S,,,S,131
11679_6#93,2008.0,S,R,,R,R,S,R,,S,,,R,131
11679_8#90,2007.0,S,S,,R,R,S,S,,S,,,S,127
11679_5#91,2011.0,S,S,,R,S,S,S,,S,,,S,95
11679_8#91,2011.0,S,S,,S,S,S,S,,S,,,S,141
11679_5#92,2010.0,S,S,,R,R,S,S,,S,,,R,393
11679_7#91,2010.0,S,S,,S,S,S,S,,S,,,S,95
11679_4#94,2009.0,S,S,,R,R,S,S,,S,,,S,73
11657_6#95,2009.0,S,S,,S,S,S,S,,S,,,S,95
11791_3#93,2009.0,S,S,,R,R,S,R,,S,,,S,10
11679_5#93,2009.0,S,S,,S,S,S,R,,S,,,S,69
11679_6#94,2011.0,R,R,,R,R,S,R,,R,,,R,131
11679_5#94,2011.0,R,R,,R,R,S,R,,R,,,R,131
11657_5#96,2011.0,S,S,,S,S,S,S,,S,,,S,95
11679_7#92,2011.0,S,S,,S,S,S,S,,S,,,S,405
11791_3#94,2011.0,S,S,,S,S,S,S,,S,,,S,394
11679_4#95,2011.0,R,R,,R,R,S,R,,R,,,R,131
11679_7#93,2011.0,S,S,,S,S,S,S,,S,,,R,131
11679_8#92,2011.0,S,S,,R,S,S,S,,S,,,R,648
11679_5#95,2011.0,S,S,,R,S,S,S,,S,,,S,69
11679_8#93,2011.0,S,S,,S,S,S,S,,S,,,S,141
11657_7#92,2011.0,S,S,,R,R,S,S,,S,,,S,973
11679_7#94,2011.0,S,S,,S,S,S,S,,S,,,S,73
11679_8#94,2011.0,S,S,,R,R,S,R,,S,,,S,10
11657_6#96,2010.0,S,S,,R,S,S,R,,R,,,S,131
11658_3#93,2011.0,S,S,,S,S,S,S,,S,,,S,73
11658_3#94,2011.0,R,R,,R,R,S,R,,R,,,R,131
11679_8#95,2011.0,S,S,,R,R,S,S,,S,,,S,38
11679_6#95,2011.0,S,R,,R,R,S,R,,S,,,R,131
11658_3#95,2007.0,S,S,,R,R,S,S,,S,,,S,73
11791_3#95,2001.0,S,,,R,R,R,R,,S,,,S,998
11679_7#95,2010.0,R,R,,R,R,S,R,,S,,,S,641
11679_4#96,2008.0,S,S,,R,S,S,S,,S,,,S,73
11657_7#93,2008.0,S,S,,R,R,S,S,,S,,,S,12
11679_5#96,2008.0,S,S,,R,S,S,S,,S,,,S,95
11791_3#96,2009.0,S,S,,R,R,R,S,,S,,,S,12
11679_7#96,2009.0,S,S,,S,S,S,S,,S,,,S,12
11657_7#94,2009.0,S,S,,R,S,S,S,,S,,,S,2253
11658_3#96,2009.0,S,S,,S,S,S,S,,S,,,S,95
11679_6#96,2009.0,S,S,,S,S,S,S,,S,,,S,1442
11657_7#95,2009.0,S,S,,R,S,S,S,,S,,,R,131
11657_7#96,2009.0,S,S,,S,S,S,S,,S,,,S,73
11679_8#96,2008.0,S,S,,R,R,R,S,,S,,,S,73
12045_3#57,2004.0,S,S,,S,S,S,S,,S,,,S,95
12045_3#58,2002.0,S,S,,R,R,S,R,,S,,,S,69
12045_3#59,2002.0,S,S,,R,R,S,R,,S,,,R,393
12045_3#60,2007.0,S,S,,S,S,S,S,,S,,,S,73
12045_3#61,2003.0,S,S,,R,S,S,S,,S,,,S,10
12045_3#62,2008.0,S,S,,R,S,S,S,,S,,,S,144
12045_3#63,2004.0,S,S,,R,S,S,S,,S,,,S,73
12045_3#64,2004.0,S,S,,R,R,S,S,,S,,,S,12
12045_3#65,2007.0,S,S,,S,S,S,S,,S,,,S,127
12045_3#66,2002.0,S,S,,R,R,S,S,,S,,,S,95
12045_3#67,2002.0,S,S,,S,S,S,S,,S,,,S,73
18090_6#80,2014.0,R,R,R,,S,S,R,R,R,R,R,R,457
18090_6#81,2014.0,S,R,R,,S,S,R,R,S,S,R,R,131
18090_6#82,2014.0,R,R,R,,R,S,R,R,R,R,R,S,69
18090_6#83,2014.0,R,R,R,,S,S,R,R,S,R,S,S,428
18090_6#84,2014.0,S,R,R,,S,S,R,R,R,R,R,R,38
18090_6#33,2014.0,R,R,R,,R,R,R,R,S,S,R,S,131
18090_6#85,2014.0,R,R,R,,R,R,R,R,S,R,R,R,405
18090_6#86,2014.0,R,R,R,,R,S,R,R,R,R,R,S,75
18090_6#87,2015.0,R,R,R,,R,R,R,R,S,S,R,R,44
18090_6#88,2015.0,S,R,R,,R,S,R,R,R,R,R,R,131
18090_6#89,2015.0,R,R,R,,R,S,R,R,R,R,R,R,69
18090_6#90,2015.0,S,R,R,,S,S,R,R,R,R,S,S,442
18090_6#91,2015.0,S,R,R,,R,S,R,R,R,S,S,R,131
18090_6#92,2015.0,R,R,R,,S,S,R,R,R,R,R,S,457
18090_6#93,2015.0,S,R,R,,R,S,R,R,R,R,R,R,354
18090_6#94,2015.0,S,R,R,,R,S,R,R,R,S,R,S,38
18090_7#60,2015.0,R,R,R,,R,S,R,R,R,R,R,S,538
18090_6#95,2015.0,R,R,R,,S,S,R,R,R,R,S,S,196
18090_7#62,2015.0,S,R,R,,S,S,R,R,S,S,R,S,4214
18090_7#1,2015.0,R,R,R,,R,S,R,R,R,R,R,R,2003
18090_7#63,2015.0,S,R,R,,S,S,R,R,R,R,R,S,5945
18090_6#34,2015.0,S,R,R,,R,S,R,R,R,R,R,R,131
18090_7#64,2015.0,S,R,R,,S,S,R,R,S,S,R,S,48
18090_7#2,2015.0,R,R,R,,R,R,R,R,S,S,S,R,131
18090_7#65,2015.0,S,R,R,,R,S,R,R,R,R,R,R,746
18090_7#3,2015.0,S,R,R,,S,S,R,R,R,R,R,R,457
18090_7#66,2015.0,S,R,R,,S,S,R,R,S,S,R,R,205
18090_7#4,2015.0,R,R,R,,R,S,R,R,S,R,R,R,405
18090_7#67,2015.0,S,R,R,,S,S,R,R,R,R,S,R,10
18090_7#68,2015.0,R,R,R,,S,S,R,R,R,R,R,S,191
18090_6#35,2015.0,S,R,R,,S,S,R,R,R,R,S,R,131
18090_7#5,2015.0,S,R,R,,R,S,R,R,R,R,S,R,131
18090_7#70,2015.0,S,R,R,,S,S,R,R,S,S,S,S,1642
18090_7#6,2015.0,R,R,R,,S,S,R,R,R,R,S,R,2179
18090_6#36,2015.0,S,R,R,,S,S,R,R,R,R,R,S,542
18090_6#37,2015.0,R,R,R,,R,S,R,R,R,S,S,R,5940
18090_7#73,2015.0,R,R,R,,S,S,R,R,R,R,R,S,165
18090_7#7,2015.0,S,R,R,,S,S,R,R,S,S,R,R,410
18090_6#38,2015.0,S,R,R,,R,S,R,R,S,S,R,S,38
18090_7#75,2015.0,R,R,R,,S,S,R,R,S,S,S,S,5558
18090_7#8,2015.0,R,R,R,,S,S,R,R,R,R,S,R,410
18090_6#39,2015.0,R,R,R,,R,R,R,R,R,R,R,R,46
18090_7#9,2015.0,R,R,R,,R,S,R,R,R,R,R,R,405
18090_7#10,2015.0,S,R,R,,R,S,R,R,R,R,S,R,131
18090_7#78,2015.0,R,R,R,,R,S,R,R,R,R,R,S,1056
18090_7#11,2015.0,S,R,R,,R,S,R,R,R,R,R,R,131
18090_7#79,2015.0,S,R,R,,R,S,R,R,S,S,S,R,1196
18090_7#12,2015.0,R,R,R,,S,S,R,R,R,R,R,R,2003
18090_7#80,2015.0,R,R,R,,S,S,R,R,R,R,R,S,847
18090_7#13,2015.0,R,R,R,,R,R,R,R,R,R,R,R,131
18090_7#14,2015.0,R,R,R,,S,S,R,R,R,R,S,R,410
18090_7#82,2015.0,S,R,R,,S,S,R,R,S,S,S,S,38
18090_6#40,2015.0,S,R,R,,S,S,R,R,S,S,S,R,617
18090_7#15,2015.0,R,R,R,,R,S,R,R,R,R,R,R,405
18090_6#41,2015.0,S,R,R,,S,S,R,R,S,S,R,R,131
18090_7#85,2015.0,S,R,R,,S,S,R,R,R,R,S,S,3268
18090_7#16,2015.0,R,R,R,,R,R,R,R,R,R,R,R,405
18090_7#86,2015.0,R,R,R,,S,S,R,R,S,S,R,R,131
18090_7#17,2015.0,S,R,R,,S,S,R,R,R,R,R,R,5942
18090_7#18,2015.0,R,R,R,,S,S,R,R,S,S,R,S,38
18090_7#87,2015.0,S,R,R,,R,S,R,R,R,R,R,S,398
18090_6#42,2015.0,S,R,R,,S,S,R,R,S,S,S,R,5941
18090_7#88,2015.0,S,R,R,,R,S,R,R,R,R,R,R,131
18090_7#19,2015.0,R,R,R,,S,S,R,R,R,S,S,S,95
18090_7#89,2015.0,S,R,R,,R,S,R,R,R,R,S,S,196
18090_7#20,2015.0,S,R,R,,R,S,R,R,R,R,R,R,131
18090_7#90,2015.0,S,R,R,,S,S,R,R,R,R,S,S,1001
18090_7#21,2015.0,R,R,R,,R,S,R,R,R,R,R,R,648
18090_6#53,2015.0,S,R,R,,S,S,R,R,R,R,R,S,10
18090_7#22,2015.0,S,R,R,,S,S,R,R,R,R,R,R,354
18090_7#92,2015.0,R,R,R,,S,S,R,R,R,S,S,S,877
18090_7#23,2015.0,S,R,R,,R,S,R,R,R,R,S,S,2186
18090_7#93,2015.0,R,R,R,,S,S,R,R,S,S,R,R,410
18090_7#94,2015.0,R,R,R,,R,R,R,R,R,R,R,R,354
18090_7#24,2015.0,S,R,R,,S,S,R,R,R,R,R,R,457
18090_7#25,2015.0,R,R,R,,R,S,R,R,R,R,R,R,44
18090_8#2,2015.0,S,R,R,,S,S,R,R,S,S,R,R,34
18090_6#43,2015.0,S,R,R,,S,S,R,R,R,R,R,R,131
18090_8#3,2015.0,R,R,R,,R,R,R,R,S,R,R,R,1585
18090_7#26,2015.0,S,R,R,,S,S,R,R,R,R,R,R,131
18090_8#4,2015.0,S,R,R,,S,S,R,R,R,R,S,R,5946
18090_6#44,2015.0,S,R,R,,S,S,R,R,R,R,R,R,131
18090_8#5,2015.0,S,R,R,,S,S,R,R,R,S,S,S,345
18090_7#27,2015.0,R,R,R,,S,S,R,R,S,S,S,R,131
18090_8#6,2015.0,S,R,R,,S,S,R,R,S,S,S,S,716
18090_7#28,2015.0,S,R,R,,S,S,R,R,R,R,R,S,131
18090_8#7,2015.0,S,R,R,,S,S,R,R,R,R,R,R,345
18090_7#29,2015.0,S,R,R,,S,S,R,R,S,S,S,R,131
18090_8#8,2015.0,R,R,R,,S,S,R,R,R,S,R,R,5947
18090_7#30,2015.0,R,R,R,,S,S,R,R,S,S,R,R,10
18090_7#31,2015.0,R,R,R,,R,R,R,R,R,R,S,R,410
18090_7#32,2015.0,S,R,R,,S,S,R,R,S,S,S,S,131
18090_8#11,2015.0,R,R,R,,S,S,R,R,R,R,R,R,48
18090_7#33,2015.0,R,R,R,,S,S,R,R,R,R,R,R,1193
18090_8#12,2015.0,S,R,R,,S,S,R,R,R,S,R,S,5948
18090_7#34,2015.0,R,R,R,,R,S,R,R,R,R,S,R,410
18090_8#13,2015.0,R,R,R,,S,S,R,R,R,R,S,S,20
18090_7#35,2015.0,S,R,R,,S,S,R,R,R,S,R,S,421
18090_7#36,2015.0,S,R,R,,S,S,R,R,R,R,R,R,131
18090_7#37,2015.0,S,R,R,,R,S,R,R,R,R,R,R,131
18090_7#38,2015.0,S,R,R,,R,S,R,R,R,R,R,R,648
18090_7#39,2015.0,R,R,R,,S,S,R,R,R,R,R,R,2003
18090_6#45,2015.0,R,R,R,,R,R,R,R,R,R,R,R,58
18090_7#40,2015.0,S,R,R,,R,S,R,R,R,R,S,R,457
18090_7#41,2015.0,S,R,R,,S,S,R,R,S,S,R,R,131
18090_7#43,2015.0,R,R,R,,S,S,R,R,R,R,R,S,457
18090_7#44,2015.0,R,R,R,,S,S,R,R,R,R,S,S,127
18090_7#45,2015.0,R,R,R,,R,S,R,R,R,R,S,S,10
18090_7#46,2015.0,R,R,R,,S,S,R,R,R,R,R,S,542
18090_7#47,2015.0,S,R,R,,R,S,R,R,R,R,S,S,6624
18090_7#48,2015.0,S,R,R,,S,S,R,R,S,S,R,R,5943
18090_6#48,2015.0,S,R,R,,R,S,R,R,R,S,S,S,101
18090_6#50,2015.0,S,R,R,,R,S,R,R,R,R,R,S,58
18090_7#50,2015.0,R,R,R,,S,S,R,R,R,R,R,R,2003
18090_6#51,2015.0,R,R,R,,R,S,R,R,R,R,R,R,206
18090_7#52,2015.0,S,R,R,,S,S,R,R,R,R,S,S,218
18090_6#52,2015.0,S,R,R,,S,S,R,R,R,R,R,R,641
18090_7#53,2015.0,S,R,R,,S,S,R,R,R,S,R,S,877
18090_7#54,2015.0,S,R,R,,S,S,R,R,R,S,R,R,48
18090_7#55,2015.0,R,R,R,,S,S,R,R,R,R,S,R,48
18090_7#56,2015.0,S,R,R,,S,S,R,R,R,R,R,S,6622
18090_7#58,2015.0,S,R,R,,R,S,R,R,R,R,R,R,405
18090_7#59,2015.0,R,R,R,,S,S,R,R,R,R,R,R,5944
18090_8#15,2015.0,R,R,R,,R,R,R,R,R,R,R,R,405
18090_6#55,2015.0,R,R,R,,S,S,R,R,R,R,R,R,744
18090_8#16,2015.0,S,R,R,,S,S,R,R,S,S,S,S,38
18090_8#17,2015.0,R,R,R,,S,S,R,R,R,R,R,R,410
18090_8#18,2015.0,R,R,R,,S,S,R,R,R,R,R,R,2003
18090_6#56,2015.0,S,R,R,,S,S,R,R,R,R,R,S,131
18090_8#19,2015.0,S,R,R,,S,S,R,R,R,R,R,S,93
18090_8#20,2015.0,S,R,R,,S,S,R,R,R,R,R,S,5949
18090_6#57,2015.0,R,R,R,,S,S,R,R,S,S,R,R,44
18090_8#21,2015.0,S,R,R,,R,S,R,R,R,R,R,S,1295
18090_6#58,2014.0,R,R,R,,S,S,R,R,R,R,R,R,1602
18090_8#22,2015.0,R,R,R,,S,S,R,R,R,R,R,R,354
18090_8#23,2015.0,R,R,R,,S,S,R,R,R,R,R,R,354
18090_6#59,2015.0,R,R,R,,R,S,R,R,R,R,R,R,405
18090_8#24,2015.0,R,R,R,,S,S,R,R,R,R,R,R,10
18090_8#25,2015.0,S,R,R,,S,S,R,R,R,R,S,R,10
18090_8#26,2015.0,S,R,R,,R,S,R,R,R,S,S,R,88
18090_6#60,2015.0,R,R,R,,S,S,R,R,S,S,S,S,3045
18090_8#27,2015.0,R,R,R,,R,S,R,R,R,R,R,S,2165
18090_8#28,2015.0,R,R,R,,R,S,R,R,S,R,R,R,410
18090_8#29,2015.0,S,R,R,,S,S,R,R,R,R,R,R,5950
18090_6#61,2015.0,R,R,R,,S,S,R,R,R,R,S,S,10
18090_8#30,2015.0,S,R,R,,S,S,R,R,R,R,R,S,5951
18090_6#63,2015.0,S,R,R,,S,S,R,R,R,R,R,R,88
18090_8#33,2015.0,S,R,R,,R,S,R,R,R,R,S,S,654
18090_8#84,2015.0,S,R,R,,S,S,R,R,S,S,S,S,38
