method,f1,precision,recall,parameter,antibiotic,ksize
AMR Kmer k=5,0.620320856,0.666666667,0.58,"[{'max_bin': 2, 'max_depth': 7, 'min_child_samples': 20, 'num_leaves': 63, 'objective': 'binary', 'metric': 'binary_logloss', 'device': 'cpu', 'n_estimators': 100, 'n_jobs': 2, 'force_col_wise': True, 'verbose': -1}]",AMC,5
PanKA k=10,0.663157895,0.7,0.63,"[{'max_bin': 2, 'max_depth': 7, 'min_child_samples': 5, 'num_leaves': 63, 'objective': 'binary', 'metric': 'binary_logloss', 'device': 'cpu', 'n_estimators': 100, 'n_jobs': 2, 'force_col_wise': True, 'verbose': -1}]",AMC,10
PanPred GBDT,0.637362637,0.707317073,0.58,"[{'max_depth': 10, 'max_features': 1000, 'min_samples_leaf': 5, 'n_estimators': 5000, 'random_state': 10}]",AMC,0
KmerDNA,0.56097561,0.71875,0.46,"[{'max_bin': 4, 'max_depth': 7, 'min_child_samples': 5, 'num_leaves': 31, 'objective': 'binary', 'metric': 'binary_logloss', 'device': 'cpu', 'n_estimators': 100, 'n_jobs': 2, 'force_col_wise': True, 'verbose': -1}]",AMC,0
KmerProtein,0.520710059,0.637681159,0.44,"[{'max_bin': 2, 'max_depth': 11, 'min_child_samples': 5, 'num_leaves': 31, 'objective': 'binary', 'metric': 'binary_logloss', 'device': 'cpu', 'n_estimators': 100, 'n_jobs': 2, 'force_col_wise': True, 'verbose': -1}]",AMC,0
PanPred,0.655737705,0.722891566,0.6,"[{'max_bin': 2, 'max_depth': 9, 'min_child_samples': 20, 'num_leaves': 63, 'objective': 'binary', 'metric': 'binary_logloss', 'device': 'cpu', 'n_estimators': 100, 'n_jobs': 2, 'force_col_wise': True, 'verbose': -1}]",AMC,0
AMR AVs + PA matrix + Pancore,0.629213483,0.717948718,0.56,"[{'max_bin': 2, 'max_depth': 7, 'min_child_samples': 5, 'num_leaves': 31, 'objective': 'binary', 'metric': 'binary_logloss', 'device': 'cpu', 'n_estimators': 100, 'n_jobs': 2, 'force_col_wise': True, 'verbose': -1}]",AMC,0
PanKA (AMR Kmer),0.659793814,0.680851064,0.64,"[{'max_bin': 2, 'max_depth': 5, 'min_child_samples': 20, 'num_leaves': 31, 'objective': 'binary', 'metric': 'binary_logloss', 'device': 'cpu', 'n_estimators': 100, 'n_jobs': 2, 'force_col_wise': True, 'verbose': -1}]",AMC,10
PanKA k=20,0.673469388,0.6875,0.66,"[{'max_bin': 4, 'max_depth': 9, 'min_child_samples': 20, 'num_leaves': 31, 'objective': 'binary', 'metric': 'binary_logloss', 'device': 'cpu', 'n_estimators': 100, 'n_jobs': 2, 'force_col_wise': True, 'verbose': -1}]",AMC,20
PanKA (AMR AVs),0.62295082,0.686746988,0.57,"[{'max_bin': 3, 'max_depth': 5, 'min_child_samples': 20, 'num_leaves': 31, 'objective': 'binary', 'metric': 'binary_logloss', 'device': 'cpu', 'n_estimators': 100, 'n_jobs': 2, 'force_col_wise': True, 'verbose': -1}]",AMC,0
PanKA k=15,0.673684211,0.711111111,0.64,"[{'max_bin': 8, 'max_depth': 9, 'min_child_samples': 5, 'num_leaves': 63, 'objective': 'binary', 'metric': 'binary_logloss', 'device': 'cpu', 'n_estimators': 100, 'n_jobs': 2, 'force_col_wise': True, 'verbose': -1}]",AMC,15
AMR Kmer k=15,0.64516129,0.697674419,0.6,"[{'max_bin': 2, 'max_depth': 5, 'min_child_samples': 5, 'num_leaves': 31, 'objective': 'binary', 'metric': 'binary_logloss', 'device': 'cpu', 'n_estimators': 100, 'n_jobs': 2, 'force_col_wise': True, 'verbose': -1}]",AMC,15
PanKA k=12,0.666666667,0.695652174,0.64,"[{'max_bin': 2, 'max_depth': 7, 'min_child_samples': 5, 'num_leaves': 63, 'objective': 'binary', 'metric': 'binary_logloss', 'device': 'cpu', 'n_estimators': 100, 'n_jobs': 2, 'force_col_wise': True, 'verbose': -1}]",AMC,12
AMR Kmer k=12,0.659574468,0.704545455,0.62,"[{'max_bin': 2, 'max_depth': 5, 'min_child_samples': 5, 'num_leaves': 31, 'objective': 'binary', 'metric': 'binary_logloss', 'device': 'cpu', 'n_estimators': 100, 'n_jobs': 2, 'force_col_wise': True, 'verbose': -1}]",AMC,12
PanKA k=8,0.666666667,0.695652174,0.64,"[{'max_bin': 3, 'max_depth': 7, 'min_child_samples': 5, 'num_leaves': 31, 'objective': 'binary', 'metric': 'binary_logloss', 'device': 'cpu', 'n_estimators': 100, 'n_jobs': 2, 'force_col_wise': True, 'verbose': -1}]",AMC,8
AMR Kmer k=8,0.663212435,0.688172043,0.64,"[{'max_bin': 2, 'max_depth': 7, 'min_child_samples': 20, 'num_leaves': 63, 'objective': 'binary', 'metric': 'binary_logloss', 'device': 'cpu', 'n_estimators': 100, 'n_jobs': 2, 'force_col_wise': True, 'verbose': -1}]",AMC,8
PanKA k=5,0.648648649,0.705882353,0.6,"[{'max_bin': 4, 'max_depth': 9, 'min_child_samples': 5, 'num_leaves': 31, 'objective': 'binary', 'metric': 'binary_logloss', 'device': 'cpu', 'n_estimators': 100, 'n_jobs': 2, 'force_col_wise': True, 'verbose': -1}]",AMC,5
AMR Kmer k=20,0.67357513,0.698924731,0.65,"[{'max_bin': 2, 'max_depth': 5, 'min_child_samples': 5, 'num_leaves': 31, 'objective': 'binary', 'metric': 'binary_logloss', 'device': 'cpu', 'n_estimators': 100, 'n_jobs': 2, 'force_col_wise': True, 'verbose': -1}]",AMC,20
PanKA (AMR Kmer),0.98089172,0.987179487,0.974683544,"[{'max_bin': 2, 'max_depth': 11, 'min_child_samples': 5, 'num_leaves': 31, 'objective': 'binary', 'metric': 'binary_logloss', 'device': 'cpu', 'n_estimators': 100, 'n_jobs': 2, 'force_col_wise': True, 'verbose': -1}]",AMP,10
PanPred GBDT,0.961538462,0.974025974,0.949367089,"[{'max_depth': 3, 'max_features': 1000, 'min_samples_leaf': 1, 'n_estimators': 5000, 'random_state': 10}]",AMP,0
KmerProtein,0.8625,0.851851852,0.873417722,"[{'max_bin': 2, 'max_depth': 7, 'min_child_samples': 20, 'num_leaves': 31, 'objective': 'binary', 'metric': 'binary_logloss', 'device': 'cpu', 'n_estimators': 100, 'n_jobs': 2, 'force_col_wise': True, 'verbose': -1}]",AMP,0
PanPred,0.968152866,0.974358974,0.962025316,"[{'max_bin': 2, 'max_depth': 9, 'min_child_samples': 5, 'num_leaves': 63, 'objective': 'binary', 'metric': 'binary_logloss', 'device': 'cpu', 'n_estimators': 100, 'n_jobs': 2, 'force_col_wise': True, 'verbose': -1}]",AMP,0
PanKA (AMR AVs),0.98089172,0.987179487,0.974683544,"[{'max_bin': 2, 'max_depth': 5, 'min_child_samples': 20, 'num_leaves': 31, 'objective': 'binary', 'metric': 'binary_logloss', 'device': 'cpu', 'n_estimators': 100, 'n_jobs': 2, 'force_col_wise': True, 'verbose': -1}]",AMP,0
AMR AVs + PA matrix + Pancore,0.987179487,1,0.974683544,"[{'max_bin': 3, 'max_depth': 11, 'min_child_samples': 5, 'num_leaves': 31, 'objective': 'binary', 'metric': 'binary_logloss', 'device': 'cpu', 'n_estimators': 100, 'n_jobs': 2, 'force_col_wise': True, 'verbose': -1}]",AMP,0
PanKA k=10,0.987179487,1,0.974683544,"[{'max_bin': 8, 'max_depth': 5, 'min_child_samples': 5, 'num_leaves': 31, 'objective': 'binary', 'metric': 'binary_logloss', 'device': 'cpu', 'n_estimators': 100, 'n_jobs': 2, 'force_col_wise': True, 'verbose': -1}]",AMP,10
KmerDNA,0.956521739,0.93902439,0.974683544,"[{'max_bin': 3, 'max_depth': 11, 'min_child_samples': 5, 'num_leaves': 31, 'objective': 'binary', 'metric': 'binary_logloss', 'device': 'cpu', 'n_estimators': 100, 'n_jobs': 2, 'force_col_wise': True, 'verbose': -1}]",AMP,0
PanKA k=20,0.993630573,1,0.987341772,"[{'max_bin': 2, 'max_depth': 5, 'min_child_samples': 5, 'num_leaves': 31, 'objective': 'binary', 'metric': 'binary_logloss', 'device': 'cpu', 'n_estimators': 100, 'n_jobs': 2, 'force_col_wise': True, 'verbose': -1}]",AMP,20
AMR Kmer k=20,0.993630573,1,0.987341772,"[{'max_bin': 2, 'max_depth': 9, 'min_child_samples': 5, 'num_leaves': 31, 'objective': 'binary', 'metric': 'binary_logloss', 'device': 'cpu', 'n_estimators': 100, 'n_jobs': 2, 'force_col_wise': True, 'verbose': -1}]",AMP,20
PanKA k=15,0.993630573,1,0.987341772,"[{'max_bin': 4, 'max_depth': 9, 'min_child_samples': 5, 'num_leaves': 31, 'objective': 'binary', 'metric': 'binary_logloss', 'device': 'cpu', 'n_estimators': 100, 'n_jobs': 2, 'force_col_wise': True, 'verbose': -1}]",AMP,15
AMR Kmer k=15,0.993630573,1,0.987341772,"[{'max_bin': 2, 'max_depth': 9, 'min_child_samples': 5, 'num_leaves': 31, 'objective': 'binary', 'metric': 'binary_logloss', 'device': 'cpu', 'n_estimators': 100, 'n_jobs': 2, 'force_col_wise': True, 'verbose': -1}]",AMP,15
PanKA k=12,0.993630573,1,0.987341772,"[{'max_bin': 4, 'max_depth': 11, 'min_child_samples': 5, 'num_leaves': 31, 'objective': 'binary', 'metric': 'binary_logloss', 'device': 'cpu', 'n_estimators': 100, 'n_jobs': 2, 'force_col_wise': True, 'verbose': -1}]",AMP,12
AMR Kmer k=12,0.993630573,1,0.987341772,"[{'max_bin': 2, 'max_depth': 9, 'min_child_samples': 5, 'num_leaves': 31, 'objective': 'binary', 'metric': 'binary_logloss', 'device': 'cpu', 'n_estimators': 100, 'n_jobs': 2, 'force_col_wise': True, 'verbose': -1}]",AMP,12
PanKA k=8,0.987179487,1,0.974683544,"[{'max_bin': 8, 'max_depth': 5, 'min_child_samples': 5, 'num_leaves': 31, 'objective': 'binary', 'metric': 'binary_logloss', 'device': 'cpu', 'n_estimators': 100, 'n_jobs': 2, 'force_col_wise': True, 'verbose': -1}]",AMP,8
AMR Kmer k=8,0.987179487,1,0.974683544,"[{'max_bin': 2, 'max_depth': 9, 'min_child_samples': 5, 'num_leaves': 31, 'objective': 'binary', 'metric': 'binary_logloss', 'device': 'cpu', 'n_estimators': 100, 'n_jobs': 2, 'force_col_wise': True, 'verbose': -1}]",AMP,8
PanKA k=5,0.987179487,1,0.974683544,"[{'max_bin': 2, 'max_depth': 9, 'min_child_samples': 5, 'num_leaves': 31, 'objective': 'binary', 'metric': 'binary_logloss', 'device': 'cpu', 'n_estimators': 100, 'n_jobs': 2, 'force_col_wise': True, 'verbose': -1}]",AMP,5
AMR Kmer k=5,0.987179487,1,0.974683544,"[{'max_bin': 2, 'max_depth': 11, 'min_child_samples': 5, 'num_leaves': 63, 'objective': 'binary', 'metric': 'binary_logloss', 'device': 'cpu', 'n_estimators': 100, 'n_jobs': 2, 'force_col_wise': True, 'verbose': -1}]",AMP,5
KmerProtein,0.763779528,0.788617886,0.740458015,"[{'max_bin': 2, 'max_depth': 11, 'min_child_samples': 5, 'num_leaves': 31, 'objective': 'binary', 'metric': 'binary_logloss', 'device': 'cpu', 'n_estimators': 100, 'n_jobs': 2, 'force_col_wise': True, 'verbose': -1}]",AMX,0
PanPred,0.910569106,0.973913043,0.854961832,"[{'max_bin': 2, 'max_depth': 5, 'min_child_samples': 5, 'num_leaves': 31, 'objective': 'binary', 'metric': 'binary_logloss', 'device': 'cpu', 'n_estimators': 100, 'n_jobs': 2, 'force_col_wise': True, 'verbose': -1}]",AMX,0
PanKA (AMR AVs),0.918699187,0.982608696,0.86259542,"[{'max_bin': 2, 'max_depth': 7, 'min_child_samples': 20, 'num_leaves': 31, 'objective': 'binary', 'metric': 'binary_logloss', 'device': 'cpu', 'n_estimators': 100, 'n_jobs': 2, 'force_col_wise': True, 'verbose': -1}]",AMX,0
KmerDNA,0.769811321,0.76119403,0.778625954,"[{'max_bin': 3, 'max_depth': 11, 'min_child_samples': 20, 'num_leaves': 31, 'objective': 'binary', 'metric': 'binary_logloss', 'device': 'cpu', 'n_estimators': 100, 'n_jobs': 2, 'force_col_wise': True, 'verbose': -1}]",AMX,0
AMR AVs + PA matrix + Pancore,0.913580247,0.991071429,0.847328244,"[{'max_bin': 2, 'max_depth': 5, 'min_child_samples': 20, 'num_leaves': 31, 'objective': 'binary', 'metric': 'binary_logloss', 'device': 'cpu', 'n_estimators': 100, 'n_jobs': 2, 'force_col_wise': True, 'verbose': -1}]",AMX,0
AMR Kmer k=15,0.928,0.974789916,0.885496183,"[{'max_bin': 2, 'max_depth': 5, 'min_child_samples': 5, 'num_leaves': 31, 'objective': 'binary', 'metric': 'binary_logloss', 'device': 'cpu', 'n_estimators': 100, 'n_jobs': 2, 'force_col_wise': True, 'verbose': -1}]",AMX,15
PanKA k=20,0.926829268,0.991304348,0.870229008,"[{'max_bin': 4, 'max_depth': 5, 'min_child_samples': 5, 'num_leaves': 31, 'objective': 'binary', 'metric': 'binary_logloss', 'device': 'cpu', 'n_estimators': 100, 'n_jobs': 2, 'force_col_wise': True, 'verbose': -1}]",AMX,20
AMR Kmer k=20,0.928571429,0.966942149,0.893129771,"[{'max_bin': 2, 'max_depth': 5, 'min_child_samples': 5, 'num_leaves': 31, 'objective': 'binary', 'metric': 'binary_logloss', 'device': 'cpu', 'n_estimators': 100, 'n_jobs': 2, 'force_col_wise': True, 'verbose': -1}]",AMX,20
PanKA k=15,0.918699187,0.982608696,0.86259542,"[{'max_bin': 2, 'max_depth': 5, 'min_child_samples': 20, 'num_leaves': 31, 'objective': 'binary', 'metric': 'binary_logloss', 'device': 'cpu', 'n_estimators': 100, 'n_jobs': 2, 'force_col_wise': True, 'verbose': -1}]",AMX,15
PanKA k=10,0.92244898,0.99122807,0.86259542,"[{'max_bin': 8, 'max_depth': 5, 'min_child_samples': 5, 'num_leaves': 31, 'objective': 'binary', 'metric': 'binary_logloss', 'device': 'cpu', 'n_estimators': 100, 'n_jobs': 2, 'force_col_wise': True, 'verbose': -1}]",AMX,10
PanKA k=12,0.92244898,0.99122807,0.86259542,"[{'max_bin': 4, 'max_depth': 5, 'min_child_samples': 5, 'num_leaves': 31, 'objective': 'binary', 'metric': 'binary_logloss', 'device': 'cpu', 'n_estimators': 100, 'n_jobs': 2, 'force_col_wise': True, 'verbose': -1}]",AMX,12
AMR Kmer k=12,0.928,0.974789916,0.885496183,"[{'max_bin': 2, 'max_depth': 5, 'min_child_samples': 5, 'num_leaves': 31, 'objective': 'binary', 'metric': 'binary_logloss', 'device': 'cpu', 'n_estimators': 100, 'n_jobs': 2, 'force_col_wise': True, 'verbose': -1}]",AMX,12
PanKA k=8,0.935483871,0.991452991,0.885496183,"[{'max_bin': 3, 'max_depth': 5, 'min_child_samples': 5, 'num_leaves': 31, 'objective': 'binary', 'metric': 'binary_logloss', 'device': 'cpu', 'n_estimators': 100, 'n_jobs': 2, 'force_col_wise': True, 'verbose': -1}]",AMX,8
AMR Kmer k=8,0.916334661,0.958333333,0.877862595,"[{'max_bin': 2, 'max_depth': 7, 'min_child_samples': 5, 'num_leaves': 31, 'objective': 'binary', 'metric': 'binary_logloss', 'device': 'cpu', 'n_estimators': 100, 'n_jobs': 2, 'force_col_wise': True, 'verbose': -1}]",AMX,8
PanKA k=5,0.910569106,0.973913043,0.854961832,"[{'max_bin': 8, 'max_depth': 5, 'min_child_samples': 5, 'num_leaves': 31, 'objective': 'binary', 'metric': 'binary_logloss', 'device': 'cpu', 'n_estimators': 100, 'n_jobs': 2, 'force_col_wise': True, 'verbose': -1}]",AMX,5
AMR Kmer k=5,0.908366534,0.95,0.870229008,"[{'max_bin': 2, 'max_depth': 9, 'min_child_samples': 5, 'num_leaves': 31, 'objective': 'binary', 'metric': 'binary_logloss', 'device': 'cpu', 'n_estimators': 100, 'n_jobs': 2, 'force_col_wise': True, 'verbose': -1}]",AMX,5
PanPred GBDT,0.873015873,0.909090909,0.839694656,"[{'max_depth': 3, 'max_features': 1000, 'min_samples_leaf': 1, 'n_estimators': 5000, 'random_state': 10}]",AMX,0
PanKA (AMR Kmer),0.928571429,0.966942149,0.893129771,"[{'max_bin': 2, 'max_depth': 5, 'min_child_samples': 5, 'num_leaves': 31, 'objective': 'binary', 'metric': 'binary_logloss', 'device': 'cpu', 'n_estimators': 100, 'n_jobs': 2, 'force_col_wise': True, 'verbose': -1}]",AMX,10
AMR Kmer k=20,0.948717949,1,0.902439024,"[{'max_bin': 2, 'max_depth': 5, 'min_child_samples': 5, 'num_leaves': 31, 'objective': 'binary', 'metric': 'binary_logloss', 'device': 'cpu', 'n_estimators': 100, 'n_jobs': 2, 'force_col_wise': True, 'verbose': -1}]",CET,20
KmerProtein,0.925,0.948717949,0.902439024,"[{'max_bin': 2, 'max_depth': 5, 'min_child_samples': 5, 'num_leaves': 31, 'objective': 'binary', 'metric': 'binary_logloss', 'device': 'cpu', 'n_estimators': 100, 'n_jobs': 2, 'force_col_wise': True, 'verbose': -1}]",CET,0
AMR Kmer k=5,0.936708861,0.973684211,0.902439024,"[{'max_bin': 2, 'max_depth': 5, 'min_child_samples': 20, 'num_leaves': 31, 'objective': 'binary', 'metric': 'binary_logloss', 'device': 'cpu', 'n_estimators': 100, 'n_jobs': 2, 'force_col_wise': True, 'verbose': -1}]",CET,5
PanKA k=5,0.948717949,1,0.902439024,"[{'max_bin': 2, 'max_depth': 5, 'min_child_samples': 5, 'num_leaves': 31, 'objective': 'binary', 'metric': 'binary_logloss', 'device': 'cpu', 'n_estimators': 100, 'n_jobs': 2, 'force_col_wise': True, 'verbose': -1}]",CET,5
AMR Kmer k=8,0.948717949,1,0.902439024,"[{'max_bin': 2, 'max_depth': 9, 'min_child_samples': 5, 'num_leaves': 31, 'objective': 'binary', 'metric': 'binary_logloss', 'device': 'cpu', 'n_estimators': 100, 'n_jobs': 2, 'force_col_wise': True, 'verbose': -1}]",CET,8
PanKA k=8,0.948717949,1,0.902439024,"[{'max_bin': 3, 'max_depth': 5, 'min_child_samples': 5, 'num_leaves': 31, 'objective': 'binary', 'metric': 'binary_logloss', 'device': 'cpu', 'n_estimators': 100, 'n_jobs': 2, 'force_col_wise': True, 'verbose': -1}]",CET,8
AMR Kmer k=12,0.948717949,1,0.902439024,"[{'max_bin': 2, 'max_depth': 9, 'min_child_samples': 5, 'num_leaves': 31, 'objective': 'binary', 'metric': 'binary_logloss', 'device': 'cpu', 'n_estimators': 100, 'n_jobs': 2, 'force_col_wise': True, 'verbose': -1}]",CET,12
PanKA k=12,0.948717949,1,0.902439024,"[{'max_bin': 2, 'max_depth': 9, 'min_child_samples': 5, 'num_leaves': 63, 'objective': 'binary', 'metric': 'binary_logloss', 'device': 'cpu', 'n_estimators': 100, 'n_jobs': 2, 'force_col_wise': True, 'verbose': -1}]",CET,12
AMR Kmer k=15,0.948717949,1,0.902439024,"[{'max_bin': 2, 'max_depth': 7, 'min_child_samples': 5, 'num_leaves': 31, 'objective': 'binary', 'metric': 'binary_logloss', 'device': 'cpu', 'n_estimators': 100, 'n_jobs': 2, 'force_col_wise': True, 'verbose': -1}]",CET,15
PanKA k=15,0.962025316,1,0.926829268,"[{'max_bin': 2, 'max_depth': 5, 'min_child_samples': 5, 'num_leaves': 31, 'objective': 'binary', 'metric': 'binary_logloss', 'device': 'cpu', 'n_estimators': 100, 'n_jobs': 2, 'force_col_wise': True, 'verbose': -1}]",CET,15
PanPred GBDT,0.909090909,0.972222222,0.853658537,"[{'max_depth': 10, 'max_features': 1000, 'min_samples_leaf': 1, 'n_estimators': 600, 'random_state': 10}]",CET,0
KmerDNA,0.913580247,0.925,0.902439024,"[{'max_bin': 3, 'max_depth': 5, 'min_child_samples': 5, 'num_leaves': 31, 'objective': 'binary', 'metric': 'binary_logloss', 'device': 'cpu', 'n_estimators': 100, 'n_jobs': 2, 'force_col_wise': True, 'verbose': -1}]",CET,0
PanKA k=20,0.948717949,1,0.902439024,"[{'max_bin': 2, 'max_depth': 7, 'min_child_samples': 5, 'num_leaves': 31, 'objective': 'binary', 'metric': 'binary_logloss', 'device': 'cpu', 'n_estimators': 100, 'n_jobs': 2, 'force_col_wise': True, 'verbose': -1}]",CET,20
PanKA k=10,0.948717949,1,0.902439024,"[{'max_bin': 2, 'max_depth': 5, 'min_child_samples': 5, 'num_leaves': 31, 'objective': 'binary', 'metric': 'binary_logloss', 'device': 'cpu', 'n_estimators': 100, 'n_jobs': 2, 'force_col_wise': True, 'verbose': -1}]",CET,10
PanKA (AMR Kmer),0.948717949,1,0.902439024,"[{'max_bin': 2, 'max_depth': 9, 'min_child_samples': 5, 'num_leaves': 31, 'objective': 'binary', 'metric': 'binary_logloss', 'device': 'cpu', 'n_estimators': 100, 'n_jobs': 2, 'force_col_wise': True, 'verbose': -1}]",CET,10
AMR AVs + PA matrix + Pancore,0.948717949,1,0.902439024,"[{'max_bin': 8, 'max_depth': 5, 'min_child_samples': 5, 'num_leaves': 31, 'objective': 'binary', 'metric': 'binary_logloss', 'device': 'cpu', 'n_estimators': 100, 'n_jobs': 2, 'force_col_wise': True, 'verbose': -1}]",CET,0
PanKA (AMR AVs),0.948717949,1,0.902439024,"[{'max_bin': 4, 'max_depth': 5, 'min_child_samples': 20, 'num_leaves': 31, 'objective': 'binary', 'metric': 'binary_logloss', 'device': 'cpu', 'n_estimators': 100, 'n_jobs': 2, 'force_col_wise': True, 'verbose': -1}]",CET,0
PanPred,0.894736842,0.971428571,0.829268293,"[{'max_bin': 2, 'max_depth': 5, 'min_child_samples': 5, 'num_leaves': 31, 'objective': 'binary', 'metric': 'binary_logloss', 'device': 'cpu', 'n_estimators': 100, 'n_jobs': 2, 'force_col_wise': True, 'verbose': -1}]",CET,0
PanKA (AMR AVs),0.85915493,0.871428571,0.847222222,"[{'max_bin': 8, 'max_depth': 11, 'min_child_samples': 20, 'num_leaves': 63, 'objective': 'binary', 'metric': 'binary_logloss', 'device': 'cpu', 'n_estimators': 100, 'n_jobs': 2, 'force_col_wise': True, 'verbose': -1}]",CIP,0
PanPred,0.859259259,0.920634921,0.805555556,"[{'max_bin': 2, 'max_depth': 7, 'min_child_samples': 5, 'num_leaves': 31, 'objective': 'binary', 'metric': 'binary_logloss', 'device': 'cpu', 'n_estimators': 100, 'n_jobs': 2, 'force_col_wise': True, 'verbose': -1}]",CIP,0
KmerProtein,0.865248227,0.884057971,0.847222222,"[{'max_bin': 2, 'max_depth': 11, 'min_child_samples': 5, 'num_leaves': 63, 'objective': 'binary', 'metric': 'binary_logloss', 'device': 'cpu', 'n_estimators': 100, 'n_jobs': 2, 'force_col_wise': True, 'verbose': -1}]",CIP,0
KmerDNA,0.866242038,0.8,0.944444444,"[{'max_bin': 8, 'max_depth': 11, 'min_child_samples': 5, 'num_leaves': 63, 'objective': 'binary', 'metric': 'binary_logloss', 'device': 'cpu', 'n_estimators': 100, 'n_jobs': 2, 'force_col_wise': True, 'verbose': -1}]",CIP,0
AMR AVs + PA matrix + Pancore,0.951724138,0.945205479,0.958333333,"[{'max_bin': 8, 'max_depth': 11, 'min_child_samples': 5, 'num_leaves': 31, 'objective': 'binary', 'metric': 'binary_logloss', 'device': 'cpu', 'n_estimators': 100, 'n_jobs': 2, 'force_col_wise': True, 'verbose': -1}]",CIP,0
PanPred GBDT,0.865248227,0.884057971,0.847222222,"[{'max_depth': 3, 'max_features': 'log2', 'min_samples_leaf': 5, 'n_estimators': 5000, 'random_state': 10}]",CIP,0
PanKA k=10,0.951048951,0.957746479,0.944444444,"[{'max_bin': 4, 'max_depth': 7, 'min_child_samples': 5, 'num_leaves': 31, 'objective': 'binary', 'metric': 'binary_logloss', 'device': 'cpu', 'n_estimators': 100, 'n_jobs': 2, 'force_col_wise': True, 'verbose': -1}]",CIP,10
AMR Kmer k=5,0.84137931,0.835616438,0.847222222,"[{'max_bin': 2, 'max_depth': 11, 'min_child_samples': 20, 'num_leaves': 63, 'objective': 'binary', 'metric': 'binary_logloss', 'device': 'cpu', 'n_estimators': 100, 'n_jobs': 2, 'force_col_wise': True, 'verbose': -1}]",CIP,5
PanKA k=5,0.951048951,0.957746479,0.944444444,"[{'max_bin': 3, 'max_depth': 11, 'min_child_samples': 20, 'num_leaves': 31, 'objective': 'binary', 'metric': 'binary_logloss', 'device': 'cpu', 'n_estimators': 100, 'n_jobs': 2, 'force_col_wise': True, 'verbose': -1}]",CIP,5
AMR Kmer k=8,0.849315068,0.837837838,0.861111111,"[{'max_bin': 2, 'max_depth': 7, 'min_child_samples': 20, 'num_leaves': 31, 'objective': 'binary', 'metric': 'binary_logloss', 'device': 'cpu', 'n_estimators': 100, 'n_jobs': 2, 'force_col_wise': True, 'verbose': -1}]",CIP,8
PanKA k=8,0.951048951,0.957746479,0.944444444,"[{'max_bin': 3, 'max_depth': 7, 'min_child_samples': 20, 'num_leaves': 31, 'objective': 'binary', 'metric': 'binary_logloss', 'device': 'cpu', 'n_estimators': 100, 'n_jobs': 2, 'force_col_wise': True, 'verbose': -1}]",CIP,8
AMR Kmer k=12,0.853146853,0.85915493,0.847222222,"[{'max_bin': 2, 'max_depth': 11, 'min_child_samples': 20, 'num_leaves': 63, 'objective': 'binary', 'metric': 'binary_logloss', 'device': 'cpu', 'n_estimators': 100, 'n_jobs': 2, 'force_col_wise': True, 'verbose': -1}]",CIP,12
PanKA k=12,0.951048951,0.957746479,0.944444444,"[{'max_bin': 3, 'max_depth': 11, 'min_child_samples': 20, 'num_leaves': 31, 'objective': 'binary', 'metric': 'binary_logloss', 'device': 'cpu', 'n_estimators': 100, 'n_jobs': 2, 'force_col_wise': True, 'verbose': -1}]",CIP,12
AMR Kmer k=15,0.836879433,0.855072464,0.819444444,"[{'max_bin': 2, 'max_depth': 11, 'min_child_samples': 20, 'num_leaves': 63, 'objective': 'binary', 'metric': 'binary_logloss', 'device': 'cpu', 'n_estimators': 100, 'n_jobs': 2, 'force_col_wise': True, 'verbose': -1}]",CIP,15
PanKA k=15,0.958333333,0.958333333,0.958333333,"[{'max_bin': 3, 'max_depth': 7, 'min_child_samples': 20, 'num_leaves': 31, 'objective': 'binary', 'metric': 'binary_logloss', 'device': 'cpu', 'n_estimators': 100, 'n_jobs': 2, 'force_col_wise': True, 'verbose': -1}]",CIP,15
PanKA (AMR Kmer),0.85915493,0.871428571,0.847222222,"[{'max_bin': 2, 'max_depth': 9, 'min_child_samples': 20, 'num_leaves': 31, 'objective': 'binary', 'metric': 'binary_logloss', 'device': 'cpu', 'n_estimators': 100, 'n_jobs': 2, 'force_col_wise': True, 'verbose': -1}]",CIP,10
AMR Kmer k=20,0.839160839,0.845070423,0.833333333,"[{'max_bin': 2, 'max_depth': 5, 'min_child_samples': 5, 'num_leaves': 31, 'objective': 'binary', 'metric': 'binary_logloss', 'device': 'cpu', 'n_estimators': 100, 'n_jobs': 2, 'force_col_wise': True, 'verbose': -1}]",CIP,20
PanKA k=20,0.951048951,0.957746479,0.944444444,"[{'max_bin': 4, 'max_depth': 9, 'min_child_samples': 20, 'num_leaves': 31, 'objective': 'binary', 'metric': 'binary_logloss', 'device': 'cpu', 'n_estimators': 100, 'n_jobs': 2, 'force_col_wise': True, 'verbose': -1}]",CIP,20
AMR Kmer k=15,0.961538462,0.980392157,0.943396226,"[{'max_bin': 2, 'max_depth': 11, 'min_child_samples': 5, 'num_leaves': 31, 'objective': 'binary', 'metric': 'binary_logloss', 'device': 'cpu', 'n_estimators': 100, 'n_jobs': 2, 'force_col_wise': True, 'verbose': -1}]",CTX,15
PanKA (AMR Kmer),0.951456311,0.98,0.924528302,"[{'max_bin': 2, 'max_depth': 5, 'min_child_samples': 5, 'num_leaves': 31, 'objective': 'binary', 'metric': 'binary_logloss', 'device': 'cpu', 'n_estimators': 100, 'n_jobs': 2, 'force_col_wise': True, 'verbose': -1}]",CTX,10
AMR AVs + PA matrix + Pancore,0.951456311,0.98,0.924528302,"[{'max_bin': 4, 'max_depth': 5, 'min_child_samples': 5, 'num_leaves': 31, 'objective': 'binary', 'metric': 'binary_logloss', 'device': 'cpu', 'n_estimators': 100, 'n_jobs': 2, 'force_col_wise': True, 'verbose': -1}]",CTX,0
PanKA (AMR AVs),0.942307692,0.960784314,0.924528302,"[{'max_bin': 4, 'max_depth': 5, 'min_child_samples': 20, 'num_leaves': 31, 'objective': 'binary', 'metric': 'binary_logloss', 'device': 'cpu', 'n_estimators': 100, 'n_jobs': 2, 'force_col_wise': True, 'verbose': -1}]",CTX,0
PanPred,0.934579439,0.925925926,0.943396226,"[{'max_bin': 2, 'max_depth': 7, 'min_child_samples': 5, 'num_leaves': 31, 'objective': 'binary', 'metric': 'binary_logloss', 'device': 'cpu', 'n_estimators': 100, 'n_jobs': 2, 'force_col_wise': True, 'verbose': -1}]",CTX,0
AMR Kmer k=12,0.961538462,0.980392157,0.943396226,"[{'max_bin': 2, 'max_depth': 9, 'min_child_samples': 5, 'num_leaves': 31, 'objective': 'binary', 'metric': 'binary_logloss', 'device': 'cpu', 'n_estimators': 100, 'n_jobs': 2, 'force_col_wise': True, 'verbose': -1}]",CTX,12
KmerDNA,0.827586207,0.761904762,0.905660377,"[{'max_bin': 8, 'max_depth': 5, 'min_child_samples': 20, 'num_leaves': 31, 'objective': 'binary', 'metric': 'binary_logloss', 'device': 'cpu', 'n_estimators': 100, 'n_jobs': 2, 'force_col_wise': True, 'verbose': -1}]",CTX,0
PanKA k=10,0.961538462,0.980392157,0.943396226,"[{'max_bin': 4, 'max_depth': 11, 'min_child_samples': 5, 'num_leaves': 31, 'objective': 'binary', 'metric': 'binary_logloss', 'device': 'cpu', 'n_estimators': 100, 'n_jobs': 2, 'force_col_wise': True, 'verbose': -1}]",CTX,10
PanKA k=12,0.961538462,0.980392157,0.943396226,"[{'max_bin': 3, 'max_depth': 9, 'min_child_samples': 5, 'num_leaves': 31, 'objective': 'binary', 'metric': 'binary_logloss', 'device': 'cpu', 'n_estimators': 100, 'n_jobs': 2, 'force_col_wise': True, 'verbose': -1}]",CTX,12
KmerProtein,0.933333333,0.942307692,0.924528302,"[{'max_bin': 2, 'max_depth': 7, 'min_child_samples': 20, 'num_leaves': 31, 'objective': 'binary', 'metric': 'binary_logloss', 'device': 'cpu', 'n_estimators': 100, 'n_jobs': 2, 'force_col_wise': True, 'verbose': -1}]",CTX,0
PanKA k=15,0.961538462,0.980392157,0.943396226,"[{'max_bin': 2, 'max_depth': 11, 'min_child_samples': 5, 'num_leaves': 63, 'objective': 'binary', 'metric': 'binary_logloss', 'device': 'cpu', 'n_estimators': 100, 'n_jobs': 2, 'force_col_wise': True, 'verbose': -1}]",CTX,15
PanKA k=5,0.961538462,0.980392157,0.943396226,"[{'max_bin': 3, 'max_depth': 9, 'min_child_samples': 5, 'num_leaves': 31, 'objective': 'binary', 'metric': 'binary_logloss', 'device': 'cpu', 'n_estimators': 100, 'n_jobs': 2, 'force_col_wise': True, 'verbose': -1}]",CTX,5
PanKA k=8,0.961538462,0.980392157,0.943396226,"[{'max_bin': 3, 'max_depth': 9, 'min_child_samples': 5, 'num_leaves': 63, 'objective': 'binary', 'metric': 'binary_logloss', 'device': 'cpu', 'n_estimators': 100, 'n_jobs': 2, 'force_col_wise': True, 'verbose': -1}]",CTX,8
AMR Kmer k=8,0.951456311,0.98,0.924528302,"[{'max_bin': 2, 'max_depth': 11, 'min_child_samples': 5, 'num_leaves': 31, 'objective': 'binary', 'metric': 'binary_logloss', 'device': 'cpu', 'n_estimators': 100, 'n_jobs': 2, 'force_col_wise': True, 'verbose': -1}]",CTX,8
AMR Kmer k=5,0.951456311,0.98,0.924528302,"[{'max_bin': 2, 'max_depth': 9, 'min_child_samples': 5, 'num_leaves': 31, 'objective': 'binary', 'metric': 'binary_logloss', 'device': 'cpu', 'n_estimators': 100, 'n_jobs': 2, 'force_col_wise': True, 'verbose': -1}]",CTX,5
PanPred GBDT,0.941176471,0.979591837,0.905660377,"[{'max_depth': 3, 'max_features': 1000, 'min_samples_leaf': 5, 'n_estimators': 300, 'random_state': 10}]",CTX,0
PanKA k=20,0.961538462,0.980392157,0.943396226,"[{'max_bin': 2, 'max_depth': 7, 'min_child_samples': 5, 'num_leaves': 31, 'objective': 'binary', 'metric': 'binary_logloss', 'device': 'cpu', 'n_estimators': 100, 'n_jobs': 2, 'force_col_wise': True, 'verbose': -1}]",CTX,20
AMR Kmer k=20,0.951456311,0.98,0.924528302,"[{'max_bin': 2, 'max_depth': 7, 'min_child_samples': 5, 'num_leaves': 31, 'objective': 'binary', 'metric': 'binary_logloss', 'device': 'cpu', 'n_estimators': 100, 'n_jobs': 2, 'force_col_wise': True, 'verbose': -1}]",CTX,20
PanKA k=8,0.842105263,0.857142857,0.827586207,"[{'max_bin': 2, 'max_depth': 9, 'min_child_samples': 5, 'num_leaves': 63, 'objective': 'binary', 'metric': 'binary_logloss', 'device': 'cpu', 'n_estimators': 100, 'n_jobs': 2, 'force_col_wise': True, 'verbose': -1}]",CTZ,8
AMR Kmer k=8,0.821428571,0.851851852,0.793103448,"[{'max_bin': 2, 'max_depth': 11, 'min_child_samples': 20, 'num_leaves': 63, 'objective': 'binary', 'metric': 'binary_logloss', 'device': 'cpu', 'n_estimators': 100, 'n_jobs': 2, 'force_col_wise': True, 'verbose': -1}]",CTZ,8
PanKA k=12,0.862068966,0.862068966,0.862068966,"[{'max_bin': 3, 'max_depth': 11, 'min_child_samples': 5, 'num_leaves': 31, 'objective': 'binary', 'metric': 'binary_logloss', 'device': 'cpu', 'n_estimators': 100, 'n_jobs': 2, 'force_col_wise': True, 'verbose': -1}]",CTZ,12
PanKA k=5,0.827586207,0.827586207,0.827586207,"[{'max_bin': 3, 'max_depth': 11, 'min_child_samples': 5, 'num_leaves': 63, 'objective': 'binary', 'metric': 'binary_logloss', 'device': 'cpu', 'n_estimators': 100, 'n_jobs': 2, 'force_col_wise': True, 'verbose': -1}]",CTZ,5
AMR Kmer k=5,0.785714286,0.814814815,0.75862069,"[{'max_bin': 2, 'max_depth': 9, 'min_child_samples': 5, 'num_leaves': 63, 'objective': 'binary', 'metric': 'binary_logloss', 'device': 'cpu', 'n_estimators': 100, 'n_jobs': 2, 'force_col_wise': True, 'verbose': -1}]",CTZ,5
AMR Kmer k=12,0.8,0.846153846,0.75862069,"[{'max_bin': 2, 'max_depth': 7, 'min_child_samples': 20, 'num_leaves': 63, 'objective': 'binary', 'metric': 'binary_logloss', 'device': 'cpu', 'n_estimators': 100, 'n_jobs': 2, 'force_col_wise': True, 'verbose': -1}]",CTZ,12
AMR Kmer k=15,0.754716981,0.833333333,0.689655172,"[{'max_bin': 2, 'max_depth': 5, 'min_child_samples': 20, 'num_leaves': 31, 'objective': 'binary', 'metric': 'binary_logloss', 'device': 'cpu', 'n_estimators': 100, 'n_jobs': 2, 'force_col_wise': True, 'verbose': -1}]",CTZ,15
KmerDNA,0.473684211,1,0.310344828,"[{'max_bin': 4, 'max_depth': 5, 'min_child_samples': 20, 'num_leaves': 31, 'objective': 'binary', 'metric': 'binary_logloss', 'device': 'cpu', 'n_estimators': 100, 'n_jobs': 2, 'force_col_wise': True, 'verbose': -1}]",CTZ,0
AMR Kmer k=20,0.814814815,0.88,0.75862069,"[{'max_bin': 2, 'max_depth': 5, 'min_child_samples': 20, 'num_leaves': 31, 'objective': 'binary', 'metric': 'binary_logloss', 'device': 'cpu', 'n_estimators': 100, 'n_jobs': 2, 'force_col_wise': True, 'verbose': -1}]",CTZ,20
PanKA k=20,0.827586207,0.827586207,0.827586207,"[{'max_bin': 8, 'max_depth': 9, 'min_child_samples': 5, 'num_leaves': 63, 'objective': 'binary', 'metric': 'binary_logloss', 'device': 'cpu', 'n_estimators': 100, 'n_jobs': 2, 'force_col_wise': True, 'verbose': -1}]",CTZ,20
KmerProtein,0.8,0.846153846,0.75862069,"[{'max_bin': 2, 'max_depth': 11, 'min_child_samples': 5, 'num_leaves': 63, 'objective': 'binary', 'metric': 'binary_logloss', 'device': 'cpu', 'n_estimators': 100, 'n_jobs': 2, 'force_col_wise': True, 'verbose': -1}]",CTZ,0
PanPred,0.793103448,0.793103448,0.793103448,"[{'max_bin': 2, 'max_depth': 11, 'min_child_samples': 5, 'num_leaves': 31, 'objective': 'binary', 'metric': 'binary_logloss', 'device': 'cpu', 'n_estimators': 100, 'n_jobs': 2, 'force_col_wise': True, 'verbose': -1}]",CTZ,0
PanKA (AMR AVs),0.821428571,0.851851852,0.793103448,"[{'max_bin': 4, 'max_depth': 5, 'min_child_samples': 20, 'num_leaves': 31, 'objective': 'binary', 'metric': 'binary_logloss', 'device': 'cpu', 'n_estimators': 100, 'n_jobs': 2, 'force_col_wise': True, 'verbose': -1}]",CTZ,0
PanPred GBDT,0.821428571,0.851851852,0.793103448,"[{'max_depth': 3, 'max_features': 1000, 'min_samples_leaf': 1, 'n_estimators': 300, 'random_state': 10}]",CTZ,0
AMR AVs + PA matrix + Pancore,0.777777778,0.84,0.724137931,"[{'max_bin': 8, 'max_depth': 7, 'min_child_samples': 20, 'num_leaves': 31, 'objective': 'binary', 'metric': 'binary_logloss', 'device': 'cpu', 'n_estimators': 100, 'n_jobs': 2, 'force_col_wise': True, 'verbose': -1}]",CTZ,0
PanKA (AMR Kmer),0.754716981,0.833333333,0.689655172,"[{'max_bin': 2, 'max_depth': 5, 'min_child_samples': 20, 'num_leaves': 31, 'objective': 'binary', 'metric': 'binary_logloss', 'device': 'cpu', 'n_estimators': 100, 'n_jobs': 2, 'force_col_wise': True, 'verbose': -1}]",CTZ,10
PanKA k=10,0.857142857,0.888888889,0.827586207,"[{'max_bin': 2, 'max_depth': 5, 'min_child_samples': 20, 'num_leaves': 31, 'objective': 'binary', 'metric': 'binary_logloss', 'device': 'cpu', 'n_estimators': 100, 'n_jobs': 2, 'force_col_wise': True, 'verbose': -1}]",CTZ,10
PanKA k=15,0.836363636,0.884615385,0.793103448,"[{'max_bin': 2, 'max_depth': 9, 'min_child_samples': 20, 'num_leaves': 63, 'objective': 'binary', 'metric': 'binary_logloss', 'device': 'cpu', 'n_estimators': 100, 'n_jobs': 2, 'force_col_wise': True, 'verbose': -1}]",CTZ,15
PanKA k=20,0.761904762,1,0.615384615,"[{'max_bin': 4, 'max_depth': 7, 'min_child_samples': 20, 'num_leaves': 31, 'objective': 'binary', 'metric': 'binary_logloss', 'device': 'cpu', 'n_estimators': 100, 'n_jobs': 2, 'force_col_wise': True, 'verbose': -1}]",CXM,20
PanKA k=5,0.755555556,0.894736842,0.653846154,"[{'max_bin': 4, 'max_depth': 5, 'min_child_samples': 5, 'num_leaves': 31, 'objective': 'binary', 'metric': 'binary_logloss', 'device': 'cpu', 'n_estimators': 100, 'n_jobs': 2, 'force_col_wise': True, 'verbose': -1}]",CXM,5
AMR Kmer k=20,0.746031746,0.979166667,0.602564103,"[{'max_bin': 2, 'max_depth': 5, 'min_child_samples': 20, 'num_leaves': 31, 'objective': 'binary', 'metric': 'binary_logloss', 'device': 'cpu', 'n_estimators': 100, 'n_jobs': 2, 'force_col_wise': True, 'verbose': -1}]",CXM,20
PanKA k=10,0.757575758,0.925925926,0.641025641,"[{'max_bin': 3, 'max_depth': 5, 'min_child_samples': 5, 'num_leaves': 31, 'objective': 'binary', 'metric': 'binary_logloss', 'device': 'cpu', 'n_estimators': 100, 'n_jobs': 2, 'force_col_wise': True, 'verbose': -1}]",CXM,10
PanKA (AMR Kmer),0.738461538,0.923076923,0.615384615,"[{'max_bin': 2, 'max_depth': 11, 'min_child_samples': 5, 'num_leaves': 31, 'objective': 'binary', 'metric': 'binary_logloss', 'device': 'cpu', 'n_estimators': 100, 'n_jobs': 2, 'force_col_wise': True, 'verbose': -1}]",CXM,10
AMR AVs + PA matrix + Pancore,0.717557252,0.886792453,0.602564103,"[{'max_bin': 2, 'max_depth': 5, 'min_child_samples': 5, 'num_leaves': 31, 'objective': 'binary', 'metric': 'binary_logloss', 'device': 'cpu', 'n_estimators': 100, 'n_jobs': 2, 'force_col_wise': True, 'verbose': -1}]",CXM,0
PanKA (AMR AVs),0.73015873,0.958333333,0.58974359,"[{'max_bin': 2, 'max_depth': 5, 'min_child_samples': 20, 'num_leaves': 31, 'objective': 'binary', 'metric': 'binary_logloss', 'device': 'cpu', 'n_estimators': 100, 'n_jobs': 2, 'force_col_wise': True, 'verbose': -1}]",CXM,0
PanPred,0.736842105,0.890909091,0.628205128,"[{'max_bin': 2, 'max_depth': 7, 'min_child_samples': 5, 'num_leaves': 31, 'objective': 'binary', 'metric': 'binary_logloss', 'device': 'cpu', 'n_estimators': 100, 'n_jobs': 2, 'force_col_wise': True, 'verbose': -1}]",CXM,0
AMR Kmer k=5,0.723076923,0.903846154,0.602564103,"[{'max_bin': 2, 'max_depth': 7, 'min_child_samples': 20, 'num_leaves': 31, 'objective': 'binary', 'metric': 'binary_logloss', 'device': 'cpu', 'n_estimators': 100, 'n_jobs': 2, 'force_col_wise': True, 'verbose': -1}]",CXM,5
KmerProtein,0.717557252,0.886792453,0.602564103,"[{'max_bin': 2, 'max_depth': 5, 'min_child_samples': 20, 'num_leaves': 31, 'objective': 'binary', 'metric': 'binary_logloss', 'device': 'cpu', 'n_estimators': 100, 'n_jobs': 2, 'force_col_wise': True, 'verbose': -1}]",CXM,0
PanPred GBDT,0.705882353,0.827586207,0.615384615,"[{'max_depth': 3, 'max_features': 1000, 'min_samples_leaf': 5, 'n_estimators': 300, 'random_state': 10}]",CXM,0
PanKA k=15,0.781954887,0.945454545,0.666666667,"[{'max_bin': 3, 'max_depth': 5, 'min_child_samples': 5, 'num_leaves': 31, 'objective': 'binary', 'metric': 'binary_logloss', 'device': 'cpu', 'n_estimators': 100, 'n_jobs': 2, 'force_col_wise': True, 'verbose': -1}]",CXM,15
AMR Kmer k=15,0.744186047,0.941176471,0.615384615,"[{'max_bin': 2, 'max_depth': 9, 'min_child_samples': 20, 'num_leaves': 31, 'objective': 'binary', 'metric': 'binary_logloss', 'device': 'cpu', 'n_estimators': 100, 'n_jobs': 2, 'force_col_wise': True, 'verbose': -1}]",CXM,15
PanKA k=12,0.787878788,0.962962963,0.666666667,"[{'max_bin': 3, 'max_depth': 5, 'min_child_samples': 5, 'num_leaves': 31, 'objective': 'binary', 'metric': 'binary_logloss', 'device': 'cpu', 'n_estimators': 100, 'n_jobs': 2, 'force_col_wise': True, 'verbose': -1}]",CXM,12
AMR Kmer k=12,0.784615385,0.980769231,0.653846154,"[{'max_bin': 2, 'max_depth': 5, 'min_child_samples': 5, 'num_leaves': 31, 'objective': 'binary', 'metric': 'binary_logloss', 'device': 'cpu', 'n_estimators': 100, 'n_jobs': 2, 'force_col_wise': True, 'verbose': -1}]",CXM,12
PanKA k=8,0.772727273,0.944444444,0.653846154,"[{'max_bin': 8, 'max_depth': 5, 'min_child_samples': 5, 'num_leaves': 31, 'objective': 'binary', 'metric': 'binary_logloss', 'device': 'cpu', 'n_estimators': 100, 'n_jobs': 2, 'force_col_wise': True, 'verbose': -1}]",CXM,8
KmerDNA,0.675324675,0.684210526,0.666666667,"[{'max_bin': 4, 'max_depth': 11, 'min_child_samples': 20, 'num_leaves': 63, 'objective': 'binary', 'metric': 'binary_logloss', 'device': 'cpu', 'n_estimators': 100, 'n_jobs': 2, 'force_col_wise': True, 'verbose': -1}]",CXM,0
AMR Kmer k=8,0.74015748,0.959183673,0.602564103,"[{'max_bin': 2, 'max_depth': 5, 'min_child_samples': 20, 'num_leaves': 31, 'objective': 'binary', 'metric': 'binary_logloss', 'device': 'cpu', 'n_estimators': 100, 'n_jobs': 2, 'force_col_wise': True, 'verbose': -1}]",CXM,8
KmerDNA,0.704545455,0.688888889,0.720930233,"[{'max_bin': 4, 'max_depth': 9, 'min_child_samples': 5, 'num_leaves': 31, 'objective': 'binary', 'metric': 'binary_logloss', 'device': 'cpu', 'n_estimators': 100, 'n_jobs': 2, 'force_col_wise': True, 'verbose': -1}]",GEN,0
AMR Kmer k=12,0.931818182,0.911111111,0.953488372,"[{'max_bin': 2, 'max_depth': 7, 'min_child_samples': 5, 'num_leaves': 31, 'objective': 'binary', 'metric': 'binary_logloss', 'device': 'cpu', 'n_estimators': 100, 'n_jobs': 2, 'force_col_wise': True, 'verbose': -1}]",GEN,12
AMR AVs + PA matrix + Pancore,0.952380952,0.975609756,0.930232558,"[{'max_bin': 8, 'max_depth': 5, 'min_child_samples': 5, 'num_leaves': 31, 'objective': 'binary', 'metric': 'binary_logloss', 'device': 'cpu', 'n_estimators': 100, 'n_jobs': 2, 'force_col_wise': True, 'verbose': -1}]",GEN,0
AMR Kmer k=5,0.965517241,0.954545455,0.976744186,"[{'max_bin': 2, 'max_depth': 5, 'min_child_samples': 5, 'num_leaves': 31, 'objective': 'binary', 'metric': 'binary_logloss', 'device': 'cpu', 'n_estimators': 100, 'n_jobs': 2, 'force_col_wise': True, 'verbose': -1}]",GEN,5
PanKA k=5,0.953488372,0.953488372,0.953488372,"[{'max_bin': 4, 'max_depth': 11, 'min_child_samples': 5, 'num_leaves': 31, 'objective': 'binary', 'metric': 'binary_logloss', 'device': 'cpu', 'n_estimators': 100, 'n_jobs': 2, 'force_col_wise': True, 'verbose': -1}]",GEN,5
AMR Kmer k=8,0.965517241,0.954545455,0.976744186,"[{'max_bin': 2, 'max_depth': 5, 'min_child_samples': 5, 'num_leaves': 31, 'objective': 'binary', 'metric': 'binary_logloss', 'device': 'cpu', 'n_estimators': 100, 'n_jobs': 2, 'force_col_wise': True, 'verbose': -1}]",GEN,8
PanKA k=8,0.964705882,0.976190476,0.953488372,"[{'max_bin': 2, 'max_depth': 11, 'min_child_samples': 5, 'num_leaves': 31, 'objective': 'binary', 'metric': 'binary_logloss', 'device': 'cpu', 'n_estimators': 100, 'n_jobs': 2, 'force_col_wise': True, 'verbose': -1}]",GEN,8
KmerProtein,0.939759036,0.975,0.906976744,"[{'max_bin': 2, 'max_depth': 11, 'min_child_samples': 5, 'num_leaves': 63, 'objective': 'binary', 'metric': 'binary_logloss', 'device': 'cpu', 'n_estimators': 100, 'n_jobs': 2, 'force_col_wise': True, 'verbose': -1}]",GEN,0
PanKA k=12,0.941176471,0.952380952,0.930232558,"[{'max_bin': 4, 'max_depth': 11, 'min_child_samples': 5, 'num_leaves': 63, 'objective': 'binary', 'metric': 'binary_logloss', 'device': 'cpu', 'n_estimators': 100, 'n_jobs': 2, 'force_col_wise': True, 'verbose': -1}]",GEN,12
AMR Kmer k=15,0.942528736,0.931818182,0.953488372,"[{'max_bin': 2, 'max_depth': 7, 'min_child_samples': 5, 'num_leaves': 31, 'objective': 'binary', 'metric': 'binary_logloss', 'device': 'cpu', 'n_estimators': 100, 'n_jobs': 2, 'force_col_wise': True, 'verbose': -1}]",GEN,15
PanKA k=15,0.952380952,0.975609756,0.930232558,"[{'max_bin': 8, 'max_depth': 5, 'min_child_samples': 5, 'num_leaves': 31, 'objective': 'binary', 'metric': 'binary_logloss', 'device': 'cpu', 'n_estimators': 100, 'n_jobs': 2, 'force_col_wise': True, 'verbose': -1}]",GEN,15
AMR Kmer k=20,0.964705882,0.976190476,0.953488372,"[{'max_bin': 2, 'max_depth': 7, 'min_child_samples': 5, 'num_leaves': 31, 'objective': 'binary', 'metric': 'binary_logloss', 'device': 'cpu', 'n_estimators': 100, 'n_jobs': 2, 'force_col_wise': True, 'verbose': -1}]",GEN,20
PanKA (AMR AVs),0.941176471,0.952380952,0.930232558,"[{'max_bin': 4, 'max_depth': 7, 'min_child_samples': 20, 'num_leaves': 31, 'objective': 'binary', 'metric': 'binary_logloss', 'device': 'cpu', 'n_estimators': 100, 'n_jobs': 2, 'force_col_wise': True, 'verbose': -1}]",GEN,0
PanKA k=20,0.952380952,0.975609756,0.930232558,"[{'max_bin': 8, 'max_depth': 5, 'min_child_samples': 5, 'num_leaves': 31, 'objective': 'binary', 'metric': 'binary_logloss', 'device': 'cpu', 'n_estimators': 100, 'n_jobs': 2, 'force_col_wise': True, 'verbose': -1}]",GEN,20
PanKA k=10,0.942528736,0.931818182,0.953488372,"[{'max_bin': 3, 'max_depth': 9, 'min_child_samples': 5, 'num_leaves': 31, 'objective': 'binary', 'metric': 'binary_logloss', 'device': 'cpu', 'n_estimators': 100, 'n_jobs': 2, 'force_col_wise': True, 'verbose': -1}]",GEN,10
PanKA (AMR Kmer),0.965517241,0.954545455,0.976744186,"[{'max_bin': 2, 'max_depth': 5, 'min_child_samples': 5, 'num_leaves': 31, 'objective': 'binary', 'metric': 'binary_logloss', 'device': 'cpu', 'n_estimators': 100, 'n_jobs': 2, 'force_col_wise': True, 'verbose': -1}]",GEN,10
PanPred GBDT,0.953488372,0.953488372,0.953488372,"[{'max_depth': 3, 'max_features': 1000, 'min_samples_leaf': 1, 'n_estimators': 5000, 'random_state': 10}]",GEN,0
PanPred,0.952380952,0.975609756,0.930232558,"[{'max_bin': 2, 'max_depth': 5, 'min_child_samples': 5, 'num_leaves': 31, 'objective': 'binary', 'metric': 'binary_logloss', 'device': 'cpu', 'n_estimators': 100, 'n_jobs': 2, 'force_col_wise': True, 'verbose': -1}]",GEN,0
PanKA k=10,0.870967742,0.818181818,0.931034483,"[{'max_bin': 8, 'max_depth': 5, 'min_child_samples': 5, 'num_leaves': 31, 'objective': 'binary', 'metric': 'binary_logloss', 'device': 'cpu', 'n_estimators': 100, 'n_jobs': 2, 'force_col_wise': True, 'verbose': -1}]",TBM,10
PanKA (AMR Kmer),0.870967742,0.818181818,0.931034483,"[{'max_bin': 2, 'max_depth': 5, 'min_child_samples': 5, 'num_leaves': 31, 'objective': 'binary', 'metric': 'binary_logloss', 'device': 'cpu', 'n_estimators': 100, 'n_jobs': 2, 'force_col_wise': True, 'verbose': -1}]",TBM,10
AMR AVs + PA matrix + Pancore,0.870967742,0.818181818,0.931034483,"[{'max_bin': 4, 'max_depth': 7, 'min_child_samples': 5, 'num_leaves': 31, 'objective': 'binary', 'metric': 'binary_logloss', 'device': 'cpu', 'n_estimators': 100, 'n_jobs': 2, 'force_col_wise': True, 'verbose': -1}]",TBM,0
PanKA (AMR AVs),0.84375,0.771428571,0.931034483,"[{'max_bin': 8, 'max_depth': 7, 'min_child_samples': 5, 'num_leaves': 31, 'objective': 'binary', 'metric': 'binary_logloss', 'device': 'cpu', 'n_estimators': 100, 'n_jobs': 2, 'force_col_wise': True, 'verbose': -1}]",TBM,0
PanPred,0.852459016,0.8125,0.896551724,"[{'max_bin': 2, 'max_depth': 5, 'min_child_samples': 5, 'num_leaves': 31, 'objective': 'binary', 'metric': 'binary_logloss', 'device': 'cpu', 'n_estimators': 100, 'n_jobs': 2, 'force_col_wise': True, 'verbose': -1}]",TBM,0
KmerProtein,0.888888889,0.823529412,0.965517241,"[{'max_bin': 2, 'max_depth': 7, 'min_child_samples': 20, 'num_leaves': 31, 'objective': 'binary', 'metric': 'binary_logloss', 'device': 'cpu', 'n_estimators': 100, 'n_jobs': 2, 'force_col_wise': True, 'verbose': -1}]",TBM,0
KmerDNA,0.724637681,0.625,0.862068966,"[{'max_bin': 3, 'max_depth': 9, 'min_child_samples': 5, 'num_leaves': 63, 'objective': 'binary', 'metric': 'binary_logloss', 'device': 'cpu', 'n_estimators': 100, 'n_jobs': 2, 'force_col_wise': True, 'verbose': -1}]",TBM,0
AMR Kmer k=20,0.870967742,0.818181818,0.931034483,"[{'max_bin': 2, 'max_depth': 5, 'min_child_samples': 5, 'num_leaves': 31, 'objective': 'binary', 'metric': 'binary_logloss', 'device': 'cpu', 'n_estimators': 100, 'n_jobs': 2, 'force_col_wise': True, 'verbose': -1}]",TBM,20
AMR Kmer k=5,0.870967742,0.818181818,0.931034483,"[{'max_bin': 2, 'max_depth': 5, 'min_child_samples': 20, 'num_leaves': 31, 'objective': 'binary', 'metric': 'binary_logloss', 'device': 'cpu', 'n_estimators': 100, 'n_jobs': 2, 'force_col_wise': True, 'verbose': -1}]",TBM,5
PanKA k=5,0.870967742,0.818181818,0.931034483,"[{'max_bin': 4, 'max_depth': 9, 'min_child_samples': 5, 'num_leaves': 31, 'objective': 'binary', 'metric': 'binary_logloss', 'device': 'cpu', 'n_estimators': 100, 'n_jobs': 2, 'force_col_wise': True, 'verbose': -1}]",TBM,5
AMR Kmer k=8,0.870967742,0.818181818,0.931034483,"[{'max_bin': 2, 'max_depth': 11, 'min_child_samples': 5, 'num_leaves': 31, 'objective': 'binary', 'metric': 'binary_logloss', 'device': 'cpu', 'n_estimators': 100, 'n_jobs': 2, 'force_col_wise': True, 'verbose': -1}]",TBM,8
PanKA k=8,0.870967742,0.818181818,0.931034483,"[{'max_bin': 4, 'max_depth': 7, 'min_child_samples': 5, 'num_leaves': 31, 'objective': 'binary', 'metric': 'binary_logloss', 'device': 'cpu', 'n_estimators': 100, 'n_jobs': 2, 'force_col_wise': True, 'verbose': -1}]",TBM,8
AMR Kmer k=12,0.870967742,0.818181818,0.931034483,"[{'max_bin': 2, 'max_depth': 5, 'min_child_samples': 5, 'num_leaves': 31, 'objective': 'binary', 'metric': 'binary_logloss', 'device': 'cpu', 'n_estimators': 100, 'n_jobs': 2, 'force_col_wise': True, 'verbose': -1}]",TBM,12
PanKA k=12,0.870967742,0.818181818,0.931034483,"[{'max_bin': 3, 'max_depth': 5, 'min_child_samples': 5, 'num_leaves': 31, 'objective': 'binary', 'metric': 'binary_logloss', 'device': 'cpu', 'n_estimators': 100, 'n_jobs': 2, 'force_col_wise': True, 'verbose': -1}]",TBM,12
AMR Kmer k=15,0.870967742,0.818181818,0.931034483,"[{'max_bin': 2, 'max_depth': 5, 'min_child_samples': 5, 'num_leaves': 31, 'objective': 'binary', 'metric': 'binary_logloss', 'device': 'cpu', 'n_estimators': 100, 'n_jobs': 2, 'force_col_wise': True, 'verbose': -1}]",TBM,15
PanKA k=15,0.870967742,0.818181818,0.931034483,"[{'max_bin': 4, 'max_depth': 11, 'min_child_samples': 5, 'num_leaves': 31, 'objective': 'binary', 'metric': 'binary_logloss', 'device': 'cpu', 'n_estimators': 100, 'n_jobs': 2, 'force_col_wise': True, 'verbose': -1}]",TBM,15
PanKA k=20,0.870967742,0.818181818,0.931034483,"[{'max_bin': 8, 'max_depth': 11, 'min_child_samples': 5, 'num_leaves': 31, 'objective': 'binary', 'metric': 'binary_logloss', 'device': 'cpu', 'n_estimators': 100, 'n_jobs': 2, 'force_col_wise': True, 'verbose': -1}]",TBM,20
PanPred GBDT,0.852459016,0.8125,0.896551724,"[{'max_depth': 3, 'max_features': 1000, 'min_samples_leaf': 1, 'n_estimators': 600, 'random_state': 10}]",TBM,0
AMR Kmer k=20,0.94,0.921568627,0.959183673,"[{'max_bin': 2, 'max_depth': 7, 'min_child_samples': 20, 'num_leaves': 31, 'objective': 'binary', 'metric': 'binary_logloss', 'device': 'cpu', 'n_estimators': 100, 'n_jobs': 2, 'force_col_wise': True, 'verbose': -1}]",TMP,20
PanKA k=10,0.96969697,0.96,0.979591837,"[{'max_bin': 2, 'max_depth': 11, 'min_child_samples': 5, 'num_leaves': 31, 'objective': 'binary', 'metric': 'binary_logloss', 'device': 'cpu', 'n_estimators': 100, 'n_jobs': 2, 'force_col_wise': True, 'verbose': -1}]",TMP,10
PanKA (AMR Kmer),0.94,0.921568627,0.959183673,"[{'max_bin': 2, 'max_depth': 11, 'min_child_samples': 20, 'num_leaves': 31, 'objective': 'binary', 'metric': 'binary_logloss', 'device': 'cpu', 'n_estimators': 100, 'n_jobs': 2, 'force_col_wise': True, 'verbose': -1}]",TMP,10
AMR AVs + PA matrix + Pancore,0.949494949,0.94,0.959183673,"[{'max_bin': 4, 'max_depth': 9, 'min_child_samples': 5, 'num_leaves': 31, 'objective': 'binary', 'metric': 'binary_logloss', 'device': 'cpu', 'n_estimators': 100, 'n_jobs': 2, 'force_col_wise': True, 'verbose': -1}]",TMP,0
PanKA (AMR AVs),0.9375,0.957446809,0.918367347,"[{'max_bin': 4, 'max_depth': 11, 'min_child_samples': 5, 'num_leaves': 31, 'objective': 'binary', 'metric': 'binary_logloss', 'device': 'cpu', 'n_estimators': 100, 'n_jobs': 2, 'force_col_wise': True, 'verbose': -1}]",TMP,0
PanPred,0.929292929,0.92,0.93877551,"[{'max_bin': 2, 'max_depth': 5, 'min_child_samples': 5, 'num_leaves': 31, 'objective': 'binary', 'metric': 'binary_logloss', 'device': 'cpu', 'n_estimators': 100, 'n_jobs': 2, 'force_col_wise': True, 'verbose': -1}]",TMP,0
KmerProtein,0.93877551,0.93877551,0.93877551,"[{'max_bin': 2, 'max_depth': 11, 'min_child_samples': 20, 'num_leaves': 31, 'objective': 'binary', 'metric': 'binary_logloss', 'device': 'cpu', 'n_estimators': 100, 'n_jobs': 2, 'force_col_wise': True, 'verbose': -1}]",TMP,0
KmerDNA,0.836363636,0.754098361,0.93877551,"[{'max_bin': 4, 'max_depth': 5, 'min_child_samples': 5, 'num_leaves': 31, 'objective': 'binary', 'metric': 'binary_logloss', 'device': 'cpu', 'n_estimators': 100, 'n_jobs': 2, 'force_col_wise': True, 'verbose': -1}]",TMP,0
AMR Kmer k=5,0.93877551,0.93877551,0.93877551,"[{'max_bin': 2, 'max_depth': 7, 'min_child_samples': 5, 'num_leaves': 31, 'objective': 'binary', 'metric': 'binary_logloss', 'device': 'cpu', 'n_estimators': 100, 'n_jobs': 2, 'force_col_wise': True, 'verbose': -1}]",TMP,5
PanKA k=5,0.96,0.941176471,0.979591837,"[{'max_bin': 2, 'max_depth': 11, 'min_child_samples': 5, 'num_leaves': 63, 'objective': 'binary', 'metric': 'binary_logloss', 'device': 'cpu', 'n_estimators': 100, 'n_jobs': 2, 'force_col_wise': True, 'verbose': -1}]",TMP,5
AMR Kmer k=8,0.949494949,0.94,0.959183673,"[{'max_bin': 2, 'max_depth': 7, 'min_child_samples': 20, 'num_leaves': 31, 'objective': 'binary', 'metric': 'binary_logloss', 'device': 'cpu', 'n_estimators': 100, 'n_jobs': 2, 'force_col_wise': True, 'verbose': -1}]",TMP,8
PanKA k=8,0.96,0.941176471,0.979591837,"[{'max_bin': 2, 'max_depth': 7, 'min_child_samples': 5, 'num_leaves': 31, 'objective': 'binary', 'metric': 'binary_logloss', 'device': 'cpu', 'n_estimators': 100, 'n_jobs': 2, 'force_col_wise': True, 'verbose': -1}]",TMP,8
AMR Kmer k=12,0.929292929,0.92,0.93877551,"[{'max_bin': 2, 'max_depth': 11, 'min_child_samples': 5, 'num_leaves': 63, 'objective': 'binary', 'metric': 'binary_logloss', 'device': 'cpu', 'n_estimators': 100, 'n_jobs': 2, 'force_col_wise': True, 'verbose': -1}]",TMP,12
PanKA k=12,0.95049505,0.923076923,0.979591837,"[{'max_bin': 8, 'max_depth': 7, 'min_child_samples': 5, 'num_leaves': 31, 'objective': 'binary', 'metric': 'binary_logloss', 'device': 'cpu', 'n_estimators': 100, 'n_jobs': 2, 'force_col_wise': True, 'verbose': -1}]",TMP,12
AMR Kmer k=15,0.93877551,0.93877551,0.93877551,"[{'max_bin': 2, 'max_depth': 9, 'min_child_samples': 20, 'num_leaves': 31, 'objective': 'binary', 'metric': 'binary_logloss', 'device': 'cpu', 'n_estimators': 100, 'n_jobs': 2, 'force_col_wise': True, 'verbose': -1}]",TMP,15
PanKA k=15,0.949494949,0.94,0.959183673,"[{'max_bin': 2, 'max_depth': 9, 'min_child_samples': 5, 'num_leaves': 31, 'objective': 'binary', 'metric': 'binary_logloss', 'device': 'cpu', 'n_estimators': 100, 'n_jobs': 2, 'force_col_wise': True, 'verbose': -1}]",TMP,15
PanKA k=20,0.95049505,0.923076923,0.979591837,"[{'max_bin': 3, 'max_depth': 7, 'min_child_samples': 5, 'num_leaves': 31, 'objective': 'binary', 'metric': 'binary_logloss', 'device': 'cpu', 'n_estimators': 100, 'n_jobs': 2, 'force_col_wise': True, 'verbose': -1}]",TMP,20
PanPred GBDT,0.903225806,0.954545455,0.857142857,"[{'max_depth': 3, 'max_features': 1000, 'min_samples_leaf': 1, 'n_estimators': 300, 'random_state': 10}]",TMP,0
